time,Cache:adminBytes,Cache:cacheTotalBytes,Cache:dataAdminBytes,Cache:dataBytes,Cache:lockBytes,Cache:nBINDeltasFetchMiss,Cache:nBINsFetch,Cache:nBINsFetchMiss,Cache:nBINsFetchMissRatio,Cache:nBinDeltaBlindOps,Cache:nBytesEvictedCACHEMODE,Cache:nBytesEvictedCRITICAL,Cache:nBytesEvictedDAEMON,Cache:nBytesEvictedEVICTORTHREAD,Cache:nBytesEvictedMANUAL,Cache:nCachedBINDeltas,Cache:nCachedBINs,Cache:nCachedUpperINs,Cache:nEvictionRuns,Cache:nFullBINsMiss,Cache:nINCompactKey,Cache:nINNoTarget,Cache:nINSparseTarget,Cache:nLNsEvicted,Cache:nLNsFetch,Cache:nLNsFetchMiss,Cache:nNodesEvicted,Cache:nNodesMovedToDirtyLRU,Cache:nNodesMutated,Cache:nNodesPutBack,Cache:nNodesSkipped,Cache:nNodesStripped,Cache:nNodesTargeted,Cache:nRootNodesEvicted,Cache:nSharedCacheEnvironments,Cache:nThreadUnavailable,Cache:nUpperINsFetch,Cache:nUpperINsFetchMiss,Cache:sharedCacheTotalBytes,Checkpoints:lastCheckpointEnd,Checkpoints:lastCheckpointId,Checkpoints:lastCheckpointInterval,Checkpoints:lastCheckpointStart,Checkpoints:nCheckpoints,Checkpoints:nDeltaINFlush,Checkpoints:nFullBINFlush,Checkpoints:nFullINFlush,Cleaning:cleanerBackLog,Cleaning:fileDeletionBacklog,Cleaning:lastKnownUtilization,Cleaning:lnSizeCorrectionFactor,Cleaning:nBINDeltasCleaned,Cleaning:nBINDeltasDead,Cleaning:nBINDeltasMigrated,Cleaning:nBINDeltasObsolete,Cleaning:nCleanerDeletions,Cleaning:nCleanerEntriesRead,Cleaning:nCleanerProbeRuns,Cleaning:nCleanerRuns,Cleaning:nClusterLNsProcessed,Cleaning:nINsCleaned,Cleaning:nINsDead,Cleaning:nINsMigrated,Cleaning:nINsObsolete,Cleaning:nLNQueueHits,Cleaning:nLNsCleaned,Cleaning:nLNsDead,Cleaning:nLNsLocked,Cleaning:nLNsMarked,Cleaning:nLNsMigrated,Cleaning:nLNsObsolete,Cleaning:nMarkLNsProcessed,Cleaning:nPendingLNsLocked,Cleaning:nPendingLNsProcessed,Cleaning:nRepeatIteratorReads,Cleaning:nToBeCleanedLNsProcessed,Cleaning:pendingLNQueueSize,Cleaning:totalLogSize,Environment:btreeRelatchesRequired,Environment:environmentCreationTime,I/O:bufferBytes,I/O:endOfLog,I/O:nBytesReadFromWriteQueue,I/O:nBytesWrittenFromWriteQueue,I/O:nCacheMiss,I/O:nFSyncRequests,I/O:nFSyncTime,I/O:nFSyncs,I/O:nFileOpens,I/O:nGroupCommitRequests,I/O:nGroupCommitWaits,I/O:nGrpCommitTimeouts,I/O:nLogBuffers,I/O:nLogFSyncs,I/O:nLogIntervalExceeded,I/O:nLogMaxGroupCommitThreshold,I/O:nNoFreeBuffer,I/O:nNotResident,I/O:nOpenFiles,I/O:nRandomReadBytes,I/O:nRandomReads,I/O:nRandomWriteBytes,I/O:nRandomWrites,I/O:nReadsFromWriteQueue,I/O:nRepeatFaultReads,I/O:nSequentialReadBytes,I/O:nSequentialReads,I/O:nSequentialWriteBytes,I/O:nSequentialWrites,I/O:nTempBufferWrites,I/O:nWriteQueueOverflow,I/O:nWriteQueueOverflowFailures,I/O:nWritesFromWriteQueue,Jvm:Copy.count,Jvm:Copy.time,Jvm:MarkSweepCompact.count,Jvm:MarkSweepCompact.time,Jvm:heap,Jvm:loadAverage,Locks:nLatchAcquireNoWaitUnsuccessful,Locks:nLatchAcquiresNoWaitSuccessful,Locks:nLatchAcquiresNoWaiters,Locks:nLatchAcquiresSelfOwned,Locks:nLatchAcquiresWithContention,Locks:nLatchReleases,Locks:nRequests,Locks:nWaits,Node Compression:cursorsBins,Node Compression:dbClosedBins,Node Compression:inCompQueueSize,Node Compression:nonEmptyBins,Node Compression:processedBins,Node Compression:splitBins,Op:cursorDelete,Op:cursorGetCurrent,Op:cursorGetFirst,Op:cursorGetLast,Op:cursorGetNext,Op:cursorGetNextDup,Op:cursorGetNextNoDup,Op:cursorGetPrev,Op:cursorGetPrevDup,Op:cursorGetPrevNoDup,Op:cursorPut,Op:cursorPutCurrent,Op:cursorPutNoDupData,Op:cursorPutNoOverwrite,Op:dbDelete,Op:dbGet,Op:dbGetSearchBoth,Op:dbPut,Op:dbPutNoDupData,Op:dbPutNoOverWrite,Op:dbRemoveSequence,Op:dosCursorGetNext,Op:nBinDeltaDeleteOps,Op:nBinDeltaGetOps,Op:nBinDeltaInsertOps,Op:nBinDeltaUpdateOps,Op:secondaryCursorDelete,Op:secondaryCursorGetCurrent,Op:secondaryCursorGetFirst,Op:secondaryCursorGetLast,Op:secondaryCursorGetNext,Op:secondaryCursorGetNextDup,Op:secondaryCursorGetNextNoDup,Op:secondaryCursorGetPrev,Op:secondaryCursorGetPrevDup,Op:secondaryCursorGetPrevNoDup,Op:secondaryDbDelete,Op:secondaryDbGet,Op:secondaryDbGetSearchBoth
2016-10-25 03:52:02.714 UTC,109,3156997,600,11160,0,0,0,0,0.0,0,0,0,0,0,0,0,3,3,0,0,0,1,5,0,0,0,0,0,0,0,0,0,0,0,0,0,0,0,0,945,1,369,369,1,0,2,4,0,0,46,NaN,0,0,0,0,0,0,0,0,0,0,0,0,0,0,0,0,0,0,0,0,0,0,0,0,0,0,0,0,1477367521980,3145728,0,0,0,0,2,15,2,2,2,0,0,3,3,0,0,0,0,0,0,0,38,1,0,0,2048,1,956,2,0,0,0,0,4,26,0,0,10359456,0,0,0,0,0,0,0,3,0,0,0,0,0,0,0,0,0,0,0,0,0,0,0,0,0,0,0,0,0,0,0,0,0,0,0,0,0,0,0,0,0,0,0,0,0,0,0,0,0,0,0,0,0,0
2016-10-25 03:52:19.185 UTC,109,3175069,1400,29232,0,0,58,7,0.12068965,0,0,0,0,0,0,0,7,7,12,0,2,1,12,0,46,7,0,0,0,0,0,0,0,0,0,0,0,0,0,29215,2,27448,27448,1,0,7,14,0,0,37,NaN,0,0,0,0,0,0,0,0,0,0,0,0,0,0,0,0,0,0,0,0,0,0,0,0,0,0,0,0,1477367538267,3145728,0,0,0,18,1,3,1,4,1,0,0,3,2,0,0,0,18,0,2048,1,0,0,0,0,337920,57,1875,1,0,0,0,0,5,35,0,0,7805024,0,0,0,0,0,0,0,50,0,0,0,0,0,0,0,0,0,0,0,0,0,0,0,0,0,0,0,0,0,0,0,0,0,0,0,0,0,0,0,0,0,0,0,0,0,0,0,0,0,0,0,0,0,0
2016-10-25 03:52:29.646 UTC,109,3168501,1400,22664,0,0,39,5,0.12820514,0,0,0,0,0,0,0,5,5,4,0,2,1,8,0,32,7,0,0,0,0,0,0,0,0,0,0,0,0,0,30256,3,29482,29482,1,0,3,6,0,0,36,NaN,0,0,0,0,0,0,0,0,0,0,0,0,0,0,0,0,0,0,0,0,0,0,0,0,0,0,0,0,1477367548779,3145728,0,0,0,19,1,6,1,4,1,0,0,3,2,0,0,0,19,0,2048,1,0,0,0,0,126976,32,882,1,0,0,0,0,5,19,0,0,7647928,1,0,0,0,0,0,0,34,0,0,0,0,0,0,0,0,0,0,0,0,0,0,0,0,0,0,0,0,0,0,0,0,0,0,0,0,0,0,0,0,0,0,0,0,0,0,0,0,0,0,0,0,0,0
2016-10-25 03:53:53.965 UTC,109,3162477,1000,16640,0,0,27,4,0.14814815,0,0,0,0,0,0,0,4,4,3,0,2,1,7,0,22,5,0,0,0,0,0,0,0,0,0,0,0,0,0,31080,4,30427,30427,1,0,3,6,0,0,36,NaN,0,0,0,0,0,0,0,0,0,0,0,0,0,0,0,0,0,0,0,0,0,0,0,0,0,0,0,0,1477367633191,3145728,0,0,0,15,1,2,1,4,1,0,0,3,2,0,0,0,15,0,2048,1,0,0,0,0,118784,28,761,1,0,0,0,0,4,17,0,0,11503744,0,0,0,0,0,0,0,23,0,0,0,0,0,0,0,0,0,0,0,0,0,0,0,0,0,0,0,0,0,0,0,0,0,0,0,0,0,0,0,0,0,0,0,0,0,0,0,0,0,0,0,0,0,0
2016-10-25 03:53:58.794 UTC,109,3165837,1000,20000,0,0,30,5,0.16666667,0,0,0,0,0,0,0,5,5,4,0,2,1,9,0,26,5,0,0,0,0,0,0,0,0,0,0,0,0,0,32116,5,31347,31347,1,1,2,5,0,0,35,NaN,0,0,0,0,0,0,0,0,0,0,0,0,0,0,0,0,0,0,0,0,0,0,0,0,0,0,0,0,1477367638069,3145728,0,0,0,17,1,8,1,4,1,0,0,3,2,0,0,0,17,0,2048,1,0,0,0,0,122880,30,877,1,0,0,0,0,5,23,0,0,9984824,0,0,0,0,0,0,0,28,0,0,0,0,0,0,0,0,0,0,0,0,0,0,0,0,0,0,0,0,0,0,0,0,0,0,0,0,0,0,0,0,0,0,0,0,0,0,0,0,0,0,0,0,0,0
2016-10-25 03:57:15.951 UTC,109,3165861,1000,20024,0,1,33,5,0.15151516,0,0,0,0,0,0,0,5,5,4,1,2,1,9,0,28,5,0,0,0,0,0,0,0,0,0,0,0,0,0,33335,6,32383,32383,1,0,4,8,0,0,34,NaN,0,0,0,0,0,0,0,0,0,0,0,0,0,0,0,0,0,0,0,0,0,0,0,0,0,0,0,0,1477367835157,3145728,0,0,0,18,1,10,1,4,1,0,0,3,2,0,0,0,18,0,2048,1,0,0,0,0,124928,31,1060,1,0,0,0,0,5,20,0,0,9440144,0,0,0,0,0,0,0,30,0,0,0,0,0,0,0,0,0,0,0,0,0,0,0,0,0,0,0,0,0,0,0,0,0,0,0,0,0,0,0,0,0,0,0,0,0,0,0,0,0,0,0,0,0,0
2016-10-25 04:05:34.165 UTC,109,3165885,1000,20048,0,0,33,5,0.15151516,0,0,0,0,0,0,0,5,5,4,0,2,1,9,0,28,5,0,0,0,0,0,0,0,0,0,0,0,0,0,34375,7,33602,33602,1,1,2,5,0,0,33,NaN,0,0,0,0,0,0,0,0,0,0,0,0,0,0,0,0,0,0,0,0,0,0,0,0,0,0,0,0,1477368333270,3145728,0,0,0,17,1,10,1,4,1,0,0,3,2,0,0,0,17,0,2048,1,0,0,0,0,131072,31,881,1,0,0,0,0,5,29,0,0,9783048,0,0,0,0,0,0,0,30,0,0,0,0,0,0,0,0,0,0,0,0,0,0,0,0,0,0,0,0,0,0,0,0,0,0,0,0,0,0,0,0,0,0,0,0,0,0,0,0,0,0,0,0,0,0
2016-10-25 04:18:14.923 UTC,109,3178597,1200,32624,136,1,36,6,0.16666667,0,0,0,0,0,0,0,6,6,4,1,2,1,11,0,31,8,0,0,0,0,0,0,0,0,0,0,0,0,0,35625,8,34642,34642,1,0,4,8,0,0,32,NaN,0,0,0,0,0,0,0,0,0,0,0,0,0,0,0,0,0,0,0,0,0,0,0,0,0,0,0,0,1477369094810,3145728,0,0,0,23,1,10,1,5,1,0,0,3,2,0,0,0,23,1,2048,1,0,0,0,1,154416,39,1091,1,0,0,0,0,7,39,0,0,13827224,1,0,0,0,0,0,0,34,0,0,0,0,0,0,0,0,0,0,0,0,0,0,0,0,0,0,0,0,0,0,1,0,0,0,0,0,0,0,0,0,0,0,0,0,0,0,0,0,0,0,0,0,0,0
