time,Cache:adminBytes,Cache:cacheTotalBytes,Cache:dataAdminBytes,Cache:dataBytes,Cache:lockBytes,Cache:nBINDeltasFetchMiss,Cache:nBINsFetch,Cache:nBINsFetchMiss,Cache:nBINsFetchMissRatio,Cache:nBinDeltaBlindOps,Cache:nBytesEvictedCACHEMODE,Cache:nBytesEvictedCRITICAL,Cache:nBytesEvictedDAEMON,Cache:nBytesEvictedEVICTORTHREAD,Cache:nBytesEvictedMANUAL,Cache:nCachedBINDeltas,Cache:nCachedBINs,Cache:nCachedUpperINs,Cache:nEvictionRuns,Cache:nFullBINsMiss,Cache:nINCompactKey,Cache:nINNoTarget,Cache:nINSparseTarget,Cache:nLNsEvicted,Cache:nLNsFetch,Cache:nLNsFetchMiss,Cache:nNodesEvicted,Cache:nNodesMovedToDirtyLRU,Cache:nNodesMutated,Cache:nNodesPutBack,Cache:nNodesSkipped,Cache:nNodesStripped,Cache:nNodesTargeted,Cache:nRootNodesEvicted,Cache:nSharedCacheEnvironments,Cache:nThreadUnavailable,Cache:nUpperINsFetch,Cache:nUpperINsFetchMiss,Cache:sharedCacheTotalBytes,Checkpoints:lastCheckpointEnd,Checkpoints:lastCheckpointId,Checkpoints:lastCheckpointInterval,Checkpoints:lastCheckpointStart,Checkpoints:nCheckpoints,Checkpoints:nDeltaINFlush,Checkpoints:nFullBINFlush,Checkpoints:nFullINFlush,Cleaning:cleanerBackLog,Cleaning:fileDeletionBacklog,Cleaning:lastKnownUtilization,Cleaning:lnSizeCorrectionFactor,Cleaning:nBINDeltasCleaned,Cleaning:nBINDeltasDead,Cleaning:nBINDeltasMigrated,Cleaning:nBINDeltasObsolete,Cleaning:nCleanerDeletions,Cleaning:nCleanerEntriesRead,Cleaning:nCleanerProbeRuns,Cleaning:nCleanerRuns,Cleaning:nClusterLNsProcessed,Cleaning:nINsCleaned,Cleaning:nINsDead,Cleaning:nINsMigrated,Cleaning:nINsObsolete,Cleaning:nLNQueueHits,Cleaning:nLNsCleaned,Cleaning:nLNsDead,Cleaning:nLNsLocked,Cleaning:nLNsMarked,Cleaning:nLNsMigrated,Cleaning:nLNsObsolete,Cleaning:nMarkLNsProcessed,Cleaning:nPendingLNsLocked,Cleaning:nPendingLNsProcessed,Cleaning:nRepeatIteratorReads,Cleaning:nToBeCleanedLNsProcessed,Cleaning:pendingLNQueueSize,Cleaning:totalLogSize,Environment:btreeRelatchesRequired,Environment:environmentCreationTime,I/O:bufferBytes,I/O:endOfLog,I/O:nBytesReadFromWriteQueue,I/O:nBytesWrittenFromWriteQueue,I/O:nCacheMiss,I/O:nFSyncRequests,I/O:nFSyncTime,I/O:nFSyncs,I/O:nFileOpens,I/O:nGroupCommitRequests,I/O:nGroupCommitWaits,I/O:nGrpCommitTimeouts,I/O:nLogBuffers,I/O:nLogFSyncs,I/O:nLogIntervalExceeded,I/O:nLogMaxGroupCommitThreshold,I/O:nNoFreeBuffer,I/O:nNotResident,I/O:nOpenFiles,I/O:nRandomReadBytes,I/O:nRandomReads,I/O:nRandomWriteBytes,I/O:nRandomWrites,I/O:nReadsFromWriteQueue,I/O:nRepeatFaultReads,I/O:nSequentialReadBytes,I/O:nSequentialReads,I/O:nSequentialWriteBytes,I/O:nSequentialWrites,I/O:nTempBufferWrites,I/O:nWriteQueueOverflow,I/O:nWriteQueueOverflowFailures,I/O:nWritesFromWriteQueue,Jvm:Copy.count,Jvm:Copy.time,Jvm:MarkSweepCompact.count,Jvm:MarkSweepCompact.time,Jvm:heap,Jvm:loadAverage,Locks:nLatchAcquireNoWaitUnsuccessful,Locks:nLatchAcquiresNoWaitSuccessful,Locks:nLatchAcquiresNoWaiters,Locks:nLatchAcquiresSelfOwned,Locks:nLatchAcquiresWithContention,Locks:nLatchReleases,Locks:nRequests,Locks:nWaits,Node Compression:cursorsBins,Node Compression:dbClosedBins,Node Compression:inCompQueueSize,Node Compression:nonEmptyBins,Node Compression:processedBins,Node Compression:splitBins,Op:cursorDelete,Op:cursorGetCurrent,Op:cursorGetFirst,Op:cursorGetLast,Op:cursorGetNext,Op:cursorGetNextDup,Op:cursorGetNextNoDup,Op:cursorGetPrev,Op:cursorGetPrevDup,Op:cursorGetPrevNoDup,Op:cursorPut,Op:cursorPutCurrent,Op:cursorPutNoDupData,Op:cursorPutNoOverwrite,Op:dbDelete,Op:dbGet,Op:dbGetSearchBoth,Op:dbPut,Op:dbPutNoDupData,Op:dbPutNoOverWrite,Op:dbRemoveSequence,Op:dosCursorGetNext,Op:nBinDeltaDeleteOps,Op:nBinDeltaGetOps,Op:nBinDeltaInsertOps,Op:nBinDeltaUpdateOps,Op:secondaryCursorDelete,Op:secondaryCursorGetCurrent,Op:secondaryCursorGetFirst,Op:secondaryCursorGetLast,Op:secondaryCursorGetNext,Op:secondaryCursorGetNextDup,Op:secondaryCursorGetNextNoDup,Op:secondaryCursorGetPrev,Op:secondaryCursorGetPrevDup,Op:secondaryCursorGetPrevNoDup,Op:secondaryDbDelete,Op:secondaryDbGet,Op:secondaryDbGetSearchBoth
2016-10-25 03:31:39.670 UTC,109,3156997,600,11160,0,0,0,0,0.0,0,0,0,0,0,0,0,3,3,0,0,0,1,5,0,0,0,0,0,0,0,0,0,0,0,0,0,0,0,0,945,1,369,369,1,0,2,4,0,0,46,NaN,0,0,0,0,0,0,0,0,0,0,0,0,0,0,0,0,0,0,0,0,0,0,0,0,0,0,0,0,1477366298840,3145728,0,0,0,0,2,4,2,2,2,0,0,3,3,0,0,0,0,0,0,0,38,1,0,0,2048,1,956,2,0,0,0,0,4,24,0,0,10465056,0,0,0,0,0,0,0,3,0,0,0,0,0,0,0,0,0,0,0,0,0,0,0,0,0,0,0,0,0,0,0,0,0,0,0,0,0,0,0,0,0,0,0,0,0,0,0,0,0,0,0,0,0,0
2016-10-25 03:32:08.347 UTC,109,3175069,1400,29232,0,0,58,7,0.12068965,0,0,0,0,0,0,0,7,7,12,0,2,1,12,0,46,7,0,0,0,0,0,0,0,0,0,0,0,0,0,29215,2,27448,27448,1,0,7,14,0,0,37,NaN,0,0,0,0,0,0,0,0,0,0,0,0,0,0,0,0,0,0,0,0,0,0,0,0,0,0,0,0,1477366327610,3145728,0,0,0,18,1,9,1,4,1,0,0,3,2,0,0,0,18,0,2048,1,0,0,0,0,337920,57,1875,1,0,0,0,0,4,17,0,0,7541184,0,0,0,0,0,0,0,50,0,0,0,0,0,0,0,0,0,0,0,0,0,0,0,0,0,0,0,0,0,0,0,0,0,0,0,0,0,0,0,0,0,0,0,0,0,0,0,0,0,0,0,0,0,0
2016-10-25 03:43:16.791 UTC,109,3165165,1400,19328,0,0,33,4,0.121212125,0,0,0,0,0,0,0,4,4,3,0,2,1,6,0,26,7,0,0,0,0,0,0,0,0,0,0,0,0,0,29900,3,29386,29386,1,0,2,4,0,0,37,NaN,0,0,0,0,0,0,0,0,0,0,0,0,0,0,0,0,0,0,0,0,0,0,0,0,0,0,0,0,1477366996237,3145728,0,0,0,17,1,4,1,4,1,0,0,3,2,0,0,0,17,0,2048,1,0,0,0,0,122880,30,622,1,0,0,0,0,4,26,0,0,11567352,0,0,0,0,0,0,0,27,0,0,0,0,0,0,0,0,0,0,0,0,0,0,0,0,0,0,0,0,0,0,0,0,0,0,0,0,0,0,0,0,0,0,0,0,0,0,0,0,0,0,0,0,0,0
2016-10-25 03:46:18.142 UTC,109,3161357,800,15520,0,0,24,4,0.16666667,0,0,0,0,0,0,0,4,4,3,0,2,1,7,0,20,4,0,0,0,0,0,0,0,0,0,0,0,0,0,30724,4,30071,30071,1,0,3,6,0,0,36,NaN,0,0,0,0,0,0,0,0,0,0,0,0,0,0,0,0,0,0,0,0,0,0,0,0,0,0,0,0,1477367177418,3145728,0,0,0,14,1,8,1,4,1,0,0,3,2,0,0,0,14,0,2048,1,0,0,0,0,116736,27,761,1,0,0,0,0,4,13,0,0,11297480,0,0,0,0,0,0,0,21,0,0,0,0,0,0,0,0,0,0,0,0,0,0,0,0,0,0,0,0,0,0,0,0,0,0,0,0,0,0,0,0,0,0,0,0,0,0,0,0,0,0,0,0,0,0
2016-10-25 03:46:48.492 UTC,109,3161381,800,15544,0,0,24,4,0.16666667,0,0,0,0,0,0,0,4,4,3,0,2,1,7,0,20,4,0,0,0,0,0,0,0,0,0,0,0,0,0,31403,5,30895,30895,1,1,1,3,0,0,36,NaN,0,0,0,0,0,0,0,0,0,0,0,0,0,0,0,0,0,0,0,0,0,0,0,0,0,0,0,0,1477367207655,3145728,0,0,0,14,1,5,1,4,1,0,0,3,2,0,0,0,14,0,2048,1,0,0,0,0,116736,27,616,1,0,0,0,0,4,24,0,0,11260696,0,0,0,0,0,0,0,21,0,0,0,0,0,0,0,0,0,0,0,0,0,0,0,0,0,0,0,0,0,0,0,0,0,0,0,0,0,0,0,0,0,0,0,0,0,0,0,0,0,0,0,0,0,0
2016-10-25 03:47:05.233 UTC,109,3165861,1000,20024,0,1,30,5,0.16666667,0,0,0,0,0,0,0,5,5,4,1,2,1,9,0,26,5,0,0,0,0,0,0,0,0,0,0,0,0,0,32621,6,31670,31670,1,0,4,8,0,0,34,NaN,0,0,0,0,0,0,0,0,0,0,0,0,0,0,0,0,0,0,0,0,0,0,0,0,0,0,0,0,1477367224439,3145728,0,0,0,18,1,4,1,4,1,0,0,3,2,0,0,0,18,0,2048,1,0,0,0,0,124928,31,1059,1,0,0,0,0,4,13,0,0,11259144,1,0,0,0,0,0,0,28,0,0,0,0,0,0,0,0,0,0,0,0,0,0,0,0,0,0,0,0,0,0,0,0,0,0,0,0,0,0,0,0,0,0,0,0,0,0,0,0,0,0,0,0,0,0
