time,Cache:adminBytes,Cache:cacheTotalBytes,Cache:dataAdminBytes,Cache:dataBytes,Cache:lockBytes,Cache:nBINDeltasFetchMiss,Cache:nBINsFetch,Cache:nBINsFetchMiss,Cache:nBINsFetchMissRatio,Cache:nBinDeltaBlindOps,Cache:nBytesEvictedCACHEMODE,Cache:nBytesEvictedCRITICAL,Cache:nBytesEvictedDAEMON,Cache:nBytesEvictedEVICTORTHREAD,Cache:nBytesEvictedMANUAL,Cache:nCachedBINDeltas,Cache:nCachedBINs,Cache:nCachedUpperINs,Cache:nEvictionRuns,Cache:nFullBINsMiss,Cache:nINCompactKey,Cache:nINNoTarget,Cache:nINSparseTarget,Cache:nLNsEvicted,Cache:nLNsFetch,Cache:nLNsFetchMiss,Cache:nNodesEvicted,Cache:nNodesMovedToDirtyLRU,Cache:nNodesMutated,Cache:nNodesPutBack,Cache:nNodesSkipped,Cache:nNodesStripped,Cache:nNodesTargeted,Cache:nRootNodesEvicted,Cache:nSharedCacheEnvironments,Cache:nThreadUnavailable,Cache:nUpperINsFetch,Cache:nUpperINsFetchMiss,Cache:sharedCacheTotalBytes,Checkpoints:lastCheckpointEnd,Checkpoints:lastCheckpointId,Checkpoints:lastCheckpointInterval,Checkpoints:lastCheckpointStart,Checkpoints:nCheckpoints,Checkpoints:nDeltaINFlush,Checkpoints:nFullBINFlush,Checkpoints:nFullINFlush,Cleaning:cleanerBackLog,Cleaning:fileDeletionBacklog,Cleaning:lastKnownUtilization,Cleaning:lnSizeCorrectionFactor,Cleaning:nBINDeltasCleaned,Cleaning:nBINDeltasDead,Cleaning:nBINDeltasMigrated,Cleaning:nBINDeltasObsolete,Cleaning:nCleanerDeletions,Cleaning:nCleanerEntriesRead,Cleaning:nCleanerProbeRuns,Cleaning:nCleanerRuns,Cleaning:nClusterLNsProcessed,Cleaning:nINsCleaned,Cleaning:nINsDead,Cleaning:nINsMigrated,Cleaning:nINsObsolete,Cleaning:nLNQueueHits,Cleaning:nLNsCleaned,Cleaning:nLNsDead,Cleaning:nLNsLocked,Cleaning:nLNsMarked,Cleaning:nLNsMigrated,Cleaning:nLNsObsolete,Cleaning:nMarkLNsProcessed,Cleaning:nPendingLNsLocked,Cleaning:nPendingLNsProcessed,Cleaning:nRepeatIteratorReads,Cleaning:nToBeCleanedLNsProcessed,Cleaning:pendingLNQueueSize,Cleaning:totalLogSize,Environment:btreeRelatchesRequired,Environment:environmentCreationTime,I/O:bufferBytes,I/O:endOfLog,I/O:nBytesReadFromWriteQueue,I/O:nBytesWrittenFromWriteQueue,I/O:nCacheMiss,I/O:nFSyncRequests,I/O:nFSyncTime,I/O:nFSyncs,I/O:nFileOpens,I/O:nGroupCommitRequests,I/O:nGroupCommitWaits,I/O:nGrpCommitTimeouts,I/O:nLogBuffers,I/O:nLogFSyncs,I/O:nLogIntervalExceeded,I/O:nLogMaxGroupCommitThreshold,I/O:nNoFreeBuffer,I/O:nNotResident,I/O:nOpenFiles,I/O:nRandomReadBytes,I/O:nRandomReads,I/O:nRandomWriteBytes,I/O:nRandomWrites,I/O:nReadsFromWriteQueue,I/O:nRepeatFaultReads,I/O:nSequentialReadBytes,I/O:nSequentialReads,I/O:nSequentialWriteBytes,I/O:nSequentialWrites,I/O:nTempBufferWrites,I/O:nWriteQueueOverflow,I/O:nWriteQueueOverflowFailures,I/O:nWritesFromWriteQueue,Jvm:PS MarkSweep.count,Jvm:PS MarkSweep.time,Jvm:PS Scavenge.count,Jvm:PS Scavenge.time,Jvm:heap,Jvm:loadAverage,Locks:nLatchAcquireNoWaitUnsuccessful,Locks:nLatchAcquiresNoWaitSuccessful,Locks:nLatchAcquiresNoWaiters,Locks:nLatchAcquiresSelfOwned,Locks:nLatchAcquiresWithContention,Locks:nLatchReleases,Locks:nRequests,Locks:nWaits,Node Compression:cursorsBins,Node Compression:dbClosedBins,Node Compression:inCompQueueSize,Node Compression:nonEmptyBins,Node Compression:processedBins,Node Compression:splitBins,Op:cursorDelete,Op:cursorGetCurrent,Op:cursorGetFirst,Op:cursorGetLast,Op:cursorGetNext,Op:cursorGetNextDup,Op:cursorGetNextNoDup,Op:cursorGetPrev,Op:cursorGetPrevDup,Op:cursorGetPrevNoDup,Op:cursorPut,Op:cursorPutCurrent,Op:cursorPutNoDupData,Op:cursorPutNoOverwrite,Op:dbDelete,Op:dbGet,Op:dbGetSearchBoth,Op:dbPut,Op:dbPutNoDupData,Op:dbPutNoOverWrite,Op:dbRemoveSequence,Op:dosCursorGetNext,Op:nBinDeltaDeleteOps,Op:nBinDeltaGetOps,Op:nBinDeltaInsertOps,Op:nBinDeltaUpdateOps,Op:secondaryCursorDelete,Op:secondaryCursorGetCurrent,Op:secondaryCursorGetFirst,Op:secondaryCursorGetLast,Op:secondaryCursorGetNext,Op:secondaryCursorGetNextDup,Op:secondaryCursorGetNextNoDup,Op:secondaryCursorGetPrev,Op:secondaryCursorGetPrevDup,Op:secondaryCursorGetPrevNoDup,Op:secondaryDbDelete,Op:secondaryDbGet,Op:secondaryDbGetSearchBoth
2016-10-24 03:40:24.403 UTC,125,3157213,696,11360,0,0,0,0,0.0,0,0,0,0,0,0,0,3,3,0,0,0,1,5,0,0,0,0,0,0,0,0,0,0,0,0,0,0,0,0,945,1,369,369,1,0,2,4,0,0,46,NaN,0,0,0,0,0,0,0,0,0,0,0,0,0,0,0,0,0,0,0,0,0,0,0,0,0,0,0,0,1477280423761,3145728,0,0,0,0,2,0,2,2,2,0,0,3,3,0,0,0,0,0,0,0,38,1,0,0,2048,1,956,2,0,0,0,0,0,0,0,0,21980272,4,0,0,0,0,0,0,3,0,0,0,0,0,0,0,0,0,0,0,0,0,0,0,0,0,0,0,0,0,0,0,0,0,0,0,0,0,0,0,0,0,0,0,0,0,0,0,0,0,0,0,0,0,0
2016-10-24 03:41:03.922 UTC,125,3161597,928,15744,0,0,24,4,0.16666667,0,0,0,0,0,0,0,4,4,4,0,2,1,7,0,20,4,0,0,0,0,0,0,0,0,0,0,0,0,0,9563,2,8693,8693,1,0,4,8,0,0,86,NaN,0,0,0,0,0,0,0,0,0,0,0,0,0,0,0,0,0,0,0,0,0,0,0,0,0,0,0,0,1477280463388,3145728,0,0,0,12,1,0,1,4,1,0,0,3,2,0,0,0,12,0,2048,1,0,0,0,0,145408,29,978,1,0,0,0,0,0,0,0,0,23397912,3,0,0,0,0,0,0,21,0,0,0,0,0,0,0,0,0,0,0,0,0,0,0,0,0,0,0,0,0,0,0,0,0,0,0,0,0,0,0,0,0,0,0,0,0,0,0,0,0,0,0,0,0,0
2016-10-24 03:42:01.298 UTC,125,3159445,1160,13592,0,1,17,3,0.1764706,0,0,0,0,0,0,0,3,3,2,1,2,1,5,0,12,5,0,0,0,0,0,0,0,0,0,0,0,0,0,25692,5,0,24491,0,0,0,0,0,0,52,NaN,0,0,0,0,0,0,0,0,0,0,0,0,0,0,0,0,0,0,0,0,0,0,0,0,0,0,0,0,1477280520817,3145728,0,0,0,14,0,0,0,2,0,0,0,3,0,0,0,0,14,0,2048,1,0,0,0,0,112640,25,0,0,0,0,0,0,0,0,0,0,23429296,2,0,0,0,0,0,0,10,0,0,0,0,0,0,0,0,0,0,0,0,0,0,0,0,0,0,0,0,0,0,0,0,0,0,0,0,0,0,0,0,0,0,0,0,0,0,0,0,0,0,0,0,0,0
2016-10-24 03:42:16.270 UTC,125,3159445,1160,13592,0,1,17,3,0.1764706,0,0,0,0,0,0,0,3,3,2,1,2,1,5,0,12,5,0,0,0,0,0,0,0,0,0,0,0,0,0,25692,5,0,24491,0,0,0,0,0,0,52,NaN,0,0,0,0,0,0,0,0,0,0,0,0,0,0,0,0,0,0,0,0,0,0,0,0,0,0,0,0,1477280535573,3145728,0,0,0,14,0,0,0,2,0,0,0,3,0,0,0,0,14,0,2048,1,0,0,0,0,112640,25,0,0,0,0,0,0,0,0,0,0,22749640,2,0,0,0,0,0,0,10,0,0,0,0,0,0,0,0,0,0,0,0,0,0,0,0,0,0,0,0,0,0,0,0,0,0,0,0,0,0,0,0,0,0,0,0,0,0,0,0,0,0,0,0,0,0
2016-10-24 03:43:16.279 UTC,125,3179693,1392,33504,336,0,36,2,0.055555556,0,0,0,0,0,0,0,5,5,0,0,2,1,9,0,39,8,0,0,0,0,0,0,0,0,0,0,0,0,0,30975,8,1288,30174,3,1,6,13,0,0,52,NaN,0,0,0,0,0,0,0,0,0,0,0,0,0,0,0,0,0,0,0,0,0,0,0,0,0,0,0,0,1477280535573,3145728,0,0,0,12,6,3,6,3,6,0,0,3,6,0,0,0,12,1,0,0,0,0,0,1,39408,16,5283,6,0,0,0,0,0,0,1,55,20785368,2,0,0,0,0,0,0,55,0,0,0,0,0,0,0,0,0,0,0,0,0,0,0,0,0,3,0,0,0,0,1,0,0,0,0,0,0,0,0,0,0,0,0,0,0,0,0,0,0,0,0,0,0,0
2016-10-24 03:44:16.284 UTC,125,3220149,1392,73960,336,0,52,1,0.01923077,0,0,0,0,0,0,0,6,6,0,0,2,2,9,0,48,0,0,0,0,0,0,0,0,0,0,0,0,0,0,72921,12,3232,71346,4,7,7,21,0,0,52,NaN,0,0,0,0,0,0,0,0,0,0,0,0,0,0,0,0,0,0,0,0,0,0,0,0,0,0,0,0,1477280535573,3145728,0,0,0,2,8,3,8,0,8,0,0,3,8,0,0,0,2,1,0,0,0,0,0,0,4096,2,41949,8,0,0,0,0,0,0,0,0,36607344,2,0,0,0,0,0,0,72,0,0,0,0,0,0,0,0,0,0,0,0,0,0,0,0,0,0,0,0,4,0,0,0,0,0,0,0,0,0,0,0,0,0,0,0,0,0,0,0,0,0,0,0,0,0
2016-10-24 03:45:16.293 UTC,125,5183997,1392,2037808,336,0,52,0,0.0,0,0,0,0,0,0,0,6,6,0,0,2,2,9,0,48,0,0,0,0,0,0,0,0,0,0,0,0,0,0,2042143,16,35910,2041159,4,9,5,19,0,0,52,NaN,0,0,0,0,0,0,0,0,0,0,0,0,0,0,0,0,0,0,0,0,0,0,0,0,0,0,0,0,1477280535573,3145728,0,0,0,0,8,7,8,0,8,0,0,3,8,0,0,0,0,1,0,0,0,0,0,0,0,0,1969222,9,1,0,0,0,0,0,2,19,59651832,2,0,0,0,0,0,0,72,0,0,0,0,0,0,0,0,0,0,0,0,0,0,0,0,0,0,0,0,4,0,0,0,0,0,0,0,0,0,0,0,0,0,0,0,0,0,0,0,0,0,0,0,0,0
2016-10-24 03:46:16.300 UTC,125,5196341,1392,2050152,336,0,52,0,0.0,0,0,0,0,0,0,0,6,6,0,0,2,2,9,0,48,0,0,0,0,0,0,0,0,0,0,0,0,0,0,2060895,20,6867,2059641,4,9,5,19,0,0,52,NaN,0,0,0,0,0,0,0,0,0,0,0,0,0,0,0,0,0,0,0,0,0,0,0,0,0,0,0,0,1477280535573,3145728,0,0,0,0,8,2,8,0,8,0,0,3,8,0,0,0,0,1,0,0,0,0,0,0,0,0,18752,8,0,0,0,0,0,0,1,4,31374728,2,0,0,0,0,0,0,72,0,0,0,0,0,0,0,0,0,0,0,0,0,0,0,0,0,0,0,0,4,0,0,0,0,0,0,0,0,0,0,0,0,0,0,0,0,0,0,0,0,0,0,0,0,0
2016-10-24 03:47:16.308 UTC,125,5229893,1392,2083704,336,0,52,0,0.0,0,0,0,0,0,0,0,6,6,0,0,2,2,9,0,48,0,0,0,0,0,0,0,0,0,0,0,0,0,0,2101648,24,6001,2098569,4,10,4,18,0,0,52,NaN,0,0,0,0,0,0,0,0,0,0,0,0,0,0,0,0,0,0,0,0,0,0,0,0,0,0,0,0,1477280535573,3145728,0,0,0,0,8,2,8,0,8,0,0,3,8,0,0,0,0,1,0,0,0,0,0,0,0,0,40753,8,0,0,0,0,0,0,0,0,36353600,5,0,0,0,0,0,0,72,0,0,0,0,0,0,0,0,0,0,0,0,0,0,0,0,0,0,0,0,4,0,0,0,0,0,0,0,0,0,0,0,0,0,0,0,0,0,0,0,0,0,0,0,0,0
2016-10-24 03:48:34.049 UTC,125,3159949,1160,14096,0,1,17,3,0.1764706,0,0,0,0,0,0,0,3,3,2,1,2,1,5,0,12,5,0,0,0,0,0,0,0,0,0,0,0,0,0,2123567,26,0,2122346,0,0,0,0,0,0,98,NaN,0,0,0,0,0,0,0,0,0,0,0,0,0,0,0,0,0,0,0,0,0,0,0,0,0,0,0,0,1477280913555,3145728,0,0,0,14,0,0,0,2,0,0,0,3,0,0,0,0,14,0,10240,5,0,0,0,0,3979264,26,0,0,0,0,0,0,0,0,0,0,27229800,3,0,0,0,0,0,0,10,0,0,0,0,0,0,0,0,0,0,0,0,0,0,0,0,0,0,0,0,0,0,0,0,0,0,0,0,0,0,0,0,0,0,0,0,0,0,0,0,0,0,0,0,0,0
2016-10-24 03:49:33.438 UTC,125,3158645,928,12792,0,0,14,3,0.21428572,0,0,0,0,0,0,0,3,3,2,0,2,1,5,0,10,4,0,0,0,0,0,0,0,0,0,0,0,0,0,2126470,27,0,2125204,0,0,0,0,0,0,98,NaN,0,0,0,0,0,0,0,0,0,0,0,0,0,0,0,0,0,0,0,0,0,0,0,0,0,0,0,0,1477280972790,3145728,0,0,0,12,0,0,0,2,0,0,0,3,0,0,0,0,12,0,10240,5,0,0,0,0,3975168,24,0,0,0,0,0,0,0,0,0,0,26549232,3,0,0,0,0,0,0,8,0,0,0,0,0,0,0,0,0,0,0,0,0,0,0,0,0,0,0,0,0,0,0,0,0,0,0,0,0,0,0,0,0,0,0,0,0,0,0,0,0,0,0,0,0,0
2016-10-24 03:50:17.487 UTC,125,3158645,928,12792,0,0,14,3,0.21428572,0,0,0,0,0,0,0,3,3,2,0,2,1,5,0,10,4,0,0,0,0,0,0,0,0,0,0,0,0,0,2126470,27,0,2125204,0,0,0,0,0,0,98,NaN,0,0,0,0,0,0,0,0,0,0,0,0,0,0,0,0,0,0,0,0,0,0,0,0,0,0,0,0,1477281016954,3145728,0,0,0,12,0,0,0,2,0,0,0,3,0,0,0,0,12,0,10240,5,0,0,0,0,3975168,24,0,0,0,0,0,0,0,0,0,0,26549320,3,0,0,0,0,0,0,8,0,0,0,0,0,0,0,0,0,0,0,0,0,0,0,0,0,0,0,0,0,0,0,0,0,0,0,0,0,0,0,0,0,0,0,0,0,0,0,0,0,0,0,0,0,0
2016-10-24 03:52:55.354 UTC,125,3158773,928,12920,0,1,14,3,0.21428572,0,0,0,0,0,0,0,3,3,2,1,3,1,5,0,10,4,0,0,0,0,0,0,0,0,0,0,0,0,0,2130677,29,0,2129698,0,0,0,0,0,0,98,NaN,0,0,0,0,0,0,0,0,0,0,0,0,0,0,0,0,0,0,0,0,0,0,0,0,0,0,0,0,1477281174783,3145728,0,0,0,13,0,0,0,2,0,0,0,3,0,0,0,0,13,0,10240,5,0,0,0,0,3977216,25,0,0,0,0,0,0,0,0,0,0,26604632,2,0,0,0,0,0,0,8,0,0,0,0,0,0,0,0,0,0,0,0,0,0,0,0,0,0,0,0,0,0,0,0,0,0,0,0,0,0,0,0,0,0,0,0,0,0,0,0,0,0,0,0,0,0
2016-10-24 03:53:26.009 UTC,125,3178253,1392,32400,0,1,27,2,0.074074075,0,0,0,0,0,0,1,5,5,0,0,3,1,9,0,29,8,0,0,0,0,0,0,0,0,0,0,0,0,0,2134998,31,1674,2133989,2,4,1,6,0,0,98,NaN,0,0,0,0,0,0,0,0,0,0,0,0,0,0,0,0,0,0,0,0,0,0,0,0,0,0,0,0,1477281174783,3145728,0,0,0,12,4,4,4,3,4,0,0,3,4,0,0,0,12,1,6144,3,1588,1,0,1,33264,13,2733,3,0,0,0,0,0,0,1,13,18309760,2,0,0,0,0,0,0,41,0,0,0,0,0,0,0,0,0,0,0,0,0,0,0,0,0,2,0,0,0,0,1,0,0,0,0,0,0,0,2,0,2,0,0,0,0,0,0,0,0,0,0,0,0,0
2016-10-24 03:53:42.191 UTC,125,3157597,696,11744,0,1,11,3,0.27272728,0,0,0,0,0,0,0,3,3,2,1,3,1,5,0,8,3,0,0,0,0,0,0,0,0,0,0,0,0,0,2135557,32,0,2135110,0,0,0,0,0,0,97,NaN,0,0,0,0,0,0,0,0,0,0,0,0,0,0,0,0,0,0,0,0,0,0,0,0,0,0,0,0,1477281221666,3145728,0,0,0,12,0,0,0,2,0,0,0,3,0,0,0,0,12,0,10240,5,0,0,0,0,3975168,24,0,0,0,0,0,0,0,0,0,0,26634976,2,0,0,0,0,0,0,6,0,0,0,0,0,0,0,0,0,0,0,0,0,0,0,0,0,0,0,0,0,0,0,0,0,0,0,0,0,0,0,0,0,0,0,0,0,0,0,0,0,0,0,0,0,0
2016-10-24 04:12:10.067 UTC,125,3158869,928,13016,0,1,14,3,0.21428572,0,0,0,0,0,0,0,3,3,2,1,3,1,5,0,10,4,0,0,0,0,0,0,0,0,0,0,0,0,0,2138235,33,0,2137196,0,0,0,0,0,0,97,NaN,0,0,0,0,0,0,0,0,0,0,0,0,0,0,0,0,0,0,0,0,0,0,0,0,0,0,0,0,1477282329507,3145728,0,0,0,13,0,0,0,2,0,0,0,3,0,0,0,0,13,0,10240,5,0,0,0,0,3977216,25,0,0,0,0,0,0,0,0,0,0,27279688,20,0,0,0,0,0,0,8,0,0,0,0,0,0,0,0,0,0,0,0,0,0,0,0,0,0,0,0,0,0,0,0,0,0,0,0,0,0,0,0,0,0,0,0,0,0,0,0,0,0,0,0,0,0
2016-10-24 04:12:21.096 UTC,125,3158869,928,13016,0,1,14,3,0.21428572,0,0,0,0,0,0,0,3,3,2,1,3,1,5,0,10,4,0,0,0,0,0,0,0,0,0,0,0,0,0,2138235,33,0,2137196,0,0,0,0,0,0,97,NaN,0,0,0,0,0,0,0,0,0,0,0,0,0,0,0,0,0,0,0,0,0,0,0,0,0,0,0,0,1477282340542,3145728,0,0,0,13,0,0,0,2,0,0,0,3,0,0,0,0,13,0,10240,5,0,0,0,0,3977216,25,0,0,0,0,0,0,0,0,0,0,27279888,18,0,0,0,0,0,0,8,0,0,0,0,0,0,0,0,0,0,0,0,0,0,0,0,0,0,0,0,0,0,0,0,0,0,0,0,0,0,0,0,0,0,0,0,0,0,0,0,0,0,0,0,0,0
2016-10-24 04:13:12.970 UTC,125,3158893,928,13040,0,1,14,3,0.21428572,0,0,0,0,0,0,0,3,3,2,1,3,1,5,0,10,4,0,0,0,0,0,0,0,0,0,0,0,0,0,2140812,34,0,2139873,0,0,0,0,0,0,97,NaN,0,0,0,0,0,0,0,0,0,0,0,0,0,0,0,0,0,0,0,0,0,0,0,0,0,0,0,0,1477282392246,3145728,0,0,0,13,0,0,0,2,0,0,0,3,0,0,0,0,13,0,10240,5,0,0,0,0,3977216,25,0,0,0,0,0,0,0,0,0,0,26557792,9,0,0,0,0,0,0,8,0,0,0,0,0,0,0,0,0,0,0,0,0,0,0,0,0,0,0,0,0,0,0,0,0,0,0,0,0,0,0,0,0,0,0,0,0,0,0,0,0,0,0,0,0,0
2016-10-24 04:14:09.004 UTC,125,3158669,928,12816,0,0,14,3,0.21428572,0,0,0,0,0,0,0,3,3,2,0,3,1,5,0,10,4,0,0,0,0,0,0,0,0,0,0,0,0,0,2145646,36,0,2144314,0,0,0,0,0,0,97,NaN,0,0,0,0,0,0,0,0,0,0,0,0,0,0,0,0,0,0,0,0,0,0,0,0,0,0,0,0,1477282448398,3145728,0,0,0,12,0,0,0,2,0,0,0,3,0,0,0,0,12,0,10240,5,0,0,0,0,3975168,24,0,0,0,0,0,0,0,0,0,0,26650000,6,0,0,0,0,0,0,8,0,0,0,0,0,0,0,0,0,0,0,0,0,0,0,0,0,0,0,0,0,0,0,0,0,0,0,0,0,0,0,0,0,0,0,0,0,0,0,0,0,0,0,0,0,0
2016-10-24 04:15:09.012 UTC,125,3181533,1392,35344,336,1,36,2,0.055555556,0,0,0,0,0,0,0,5,5,0,1,3,1,9,0,39,9,0,0,0,0,0,0,0,0,0,0,0,0,0,2151433,39,1339,2150386,3,6,2,10,0,0,97,NaN,0,0,0,0,0,0,0,0,0,0,0,0,0,0,0,0,0,0,0,0,0,0,0,0,0,0,0,0,1477282448398,3145728,0,0,0,14,6,10,6,3,6,0,0,3,6,0,0,0,14,1,8192,4,2004,2,0,1,35312,14,3783,4,0,0,0,0,0,0,1,20,24618432,4,0,0,0,0,0,0,55,0,0,0,0,0,0,0,0,0,0,0,0,0,0,0,0,0,3,0,0,0,0,1,0,0,0,0,0,0,0,2,0,2,0,0,0,0,0,0,0,0,0,0,0,0,0
2016-10-24 04:15:56.810 UTC,125,3159037,928,13184,0,1,14,3,0.21428572,0,0,0,0,0,0,0,3,3,2,1,3,1,5,0,10,4,0,0,0,0,0,0,0,0,0,0,0,0,0,2153830,40,0,2151970,0,0,0,0,0,0,97,NaN,0,0,0,0,0,0,0,0,0,0,0,0,0,0,0,0,0,0,0,0,0,0,0,0,0,0,0,0,1477282556307,3145728,0,0,0,13,0,0,0,2,0,0,0,3,0,0,0,0,13,0,10240,5,0,0,0,0,3977216,25,0,0,0,0,0,0,0,0,0,0,26647200,3,0,0,0,0,0,0,8,0,0,0,0,0,0,0,0,0,0,0,0,0,0,0,0,0,0,0,0,0,0,0,0,0,0,0,0,0,0,0,0,0,0,0,0,0,0,0,0,0,0,0,0,0,0
2016-10-24 04:16:56.819 UTC,125,3181533,1392,35344,336,0,36,2,0.055555556,0,0,0,0,0,0,0,5,5,0,0,3,1,9,0,39,9,0,0,0,0,0,0,0,0,0,0,0,0,0,2159390,43,1280,2158403,3,6,2,10,0,0,97,NaN,0,0,0,0,0,0,0,0,0,0,0,0,0,0,0,0,0,0,0,0,0,0,0,0,0,0,0,0,1477282556307,3145728,0,0,0,13,6,11,6,3,6,0,0,3,6,0,0,0,13,1,6144,3,1588,1,0,1,35312,14,3972,5,0,0,0,0,0,0,1,10,23534536,2,0,0,0,0,0,0,55,0,0,0,0,0,0,0,0,0,0,0,0,0,0,0,0,0,3,0,0,0,0,1,0,0,0,0,0,0,0,0,0,0,0,0,0,0,0,0,0,0,0,0,0,0,0
2016-10-24 04:17:56.828 UTC,125,3218117,1392,71928,336,0,36,0,0.0,0,0,0,0,0,0,0,5,5,0,0,3,1,8,0,40,4,0,0,0,0,0,0,0,0,0,0,0,0,0,2200907,47,3907,2199929,4,7,3,13,0,0,97,NaN,0,0,0,0,0,0,0,0,0,0,0,0,0,0,0,0,0,0,0,0,0,0,0,0,0,0,0,0,1477282556307,3145728,0,0,0,4,8,4,8,0,8,0,0,3,8,0,0,0,4,1,6144,3,35856,3,0,1,35564,2,5661,5,0,0,0,0,0,0,0,0,36798152,3,0,0,0,0,0,0,56,0,0,0,0,0,0,0,0,0,0,0,0,0,0,0,0,0,4,0,0,0,0,0,0,0,0,0,0,0,0,0,0,0,0,0,0,0,0,0,0,0,0,0,0,0,0
2016-10-24 04:18:56.836 UTC,125,5181181,1392,2034992,336,0,36,0,0.0,0,0,0,0,0,0,0,5,5,0,0,3,1,8,0,40,4,0,0,0,0,0,0,0,0,0,0,0,0,0,4168788,51,34520,4167690,4,7,3,13,0,0,97,NaN,0,0,0,0,0,0,0,0,0,0,0,0,0,0,0,0,0,0,0,0,0,0,0,0,0,0,0,0,1477282556307,3145728,0,0,0,4,8,6,8,0,8,0,0,3,8,0,0,0,4,1,8192,4,34313,3,0,2,1962452,2,1933568,6,1,0,0,0,0,0,3,88,51206160,3,0,0,0,0,0,0,56,0,0,0,0,0,0,0,0,0,0,0,0,0,0,0,0,0,4,0,0,0,0,0,0,0,0,0,0,0,0,0,0,0,0,0,0,0,0,0,0,0,0,0,0,0,0
2016-10-24 04:19:56.842 UTC,125,5192845,1392,2046656,336,0,36,0,0.0,0,0,0,0,0,0,0,5,5,0,0,3,1,8,0,40,4,0,0,0,0,0,0,0,0,0,0,0,0,0,4185562,55,5078,4184517,4,7,3,13,0,0,97,NaN,0,0,0,0,0,0,0,0,0,0,0,0,0,0,0,0,0,0,0,0,0,0,0,0,0,0,0,0,1477282556307,3145728,0,0,0,4,8,5,8,0,8,0,0,3,8,0,0,0,4,1,8192,4,11904,4,0,3,11274,3,4870,4,0,0,0,0,0,0,0,0,56845352,2,0,0,0,0,0,0,56,0,0,0,0,0,0,0,0,0,0,0,0,0,0,0,0,0,4,0,0,0,0,0,0,0,0,0,0,0,0,0,0,0,0,0,0,0,0,0,0,0,0,0,0,0,0
2016-10-24 04:21:35.751 UTC,125,3159493,928,13640,0,1,14,3,0.21428572,0,0,0,0,0,0,0,3,3,2,1,3,1,5,0,10,4,0,0,0,0,0,0,0,0,0,0,0,0,0,4224025,59,0,4223037,0,0,0,0,0,0,-1,NaN,0,0,0,0,0,0,0,0,0,0,0,0,0,0,0,0,0,0,0,0,0,0,0,0,0,0,0,0,1477282895215,3145728,0,0,0,13,0,0,0,2,0,0,0,3,0,0,0,0,13,0,10240,5,0,0,0,0,5882880,26,0,0,0,0,0,0,0,0,0,0,26645632,3,0,0,0,0,0,0,8,0,0,0,0,0,0,0,0,0,0,0,0,0,0,0,0,0,0,0,0,0,0,0,0,0,0,0,0,0,0,0,0,0,0,0,0,0,0,0,0,0,0,0,0,0,0
2016-10-24 04:25:49.594 UTC,125,3159517,928,13664,0,1,14,3,0.21428572,0,0,0,0,0,0,0,3,3,2,1,3,1,5,0,10,4,0,0,0,0,0,0,0,0,0,0,0,0,0,4226597,60,0,4225663,0,0,0,0,0,0,49,NaN,0,0,0,0,0,0,0,0,0,0,0,0,0,0,0,0,0,0,0,0,0,0,0,0,0,0,0,0,1477283149022,3145728,0,0,0,13,0,0,0,2,0,0,0,3,0,0,0,0,13,0,10240,5,0,0,0,0,5882880,26,0,0,0,0,0,0,0,0,0,0,26605032,3,0,0,0,0,0,0,8,0,0,0,0,0,0,0,0,0,0,0,0,0,0,0,0,0,0,0,0,0,0,0,0,0,0,0,0,0,0,0,0,0,0,0,0,0,0,0,0,0,0,0,0,0,0
2016-10-24 04:26:49.602 UTC,125,3181533,1392,35344,336,1,36,2,0.055555556,0,0,0,0,0,0,0,5,5,0,1,3,1,9,0,39,9,0,0,0,0,0,0,0,0,0,0,0,0,0,4232761,63,1481,4231573,3,6,2,10,0,0,49,NaN,0,0,0,0,0,0,0,0,0,0,0,0,0,0,0,0,0,0,0,0,0,0,0,0,0,0,0,0,1477283149022,3145728,0,0,0,14,6,2,6,3,6,0,0,3,6,0,0,0,14,1,12288,6,2750,3,0,1,31216,12,3414,3,0,0,0,0,0,0,1,11,24001176,3,0,0,0,0,0,0,55,0,0,0,0,0,0,0,0,0,0,0,0,0,0,0,0,0,3,0,0,0,0,1,0,0,0,0,0,0,0,1,0,1,0,0,0,0,0,0,0,0,0,0,0,0,0
2016-10-24 04:27:49.612 UTC,125,3218117,1392,71928,336,0,36,0,0.0,0,0,0,0,0,0,0,5,5,0,0,3,1,8,0,40,4,0,0,0,0,0,0,0,0,0,0,0,0,0,4274769,67,2711,4273814,4,6,4,14,0,0,49,NaN,0,0,0,0,0,0,0,0,0,0,0,0,0,0,0,0,0,0,0,0,0,0,0,0,0,0,0,0,1477283149022,3145728,0,0,0,4,8,1,8,0,8,0,0,3,8,0,0,0,4,1,8192,4,36346,4,0,1,33518,1,5662,4,0,0,0,0,0,0,0,0,39196040,2,0,0,0,0,0,0,56,0,0,0,0,0,0,0,0,0,0,0,0,0,0,0,0,0,4,0,0,0,0,0,0,0,0,0,0,0,0,0,0,0,0,0,0,0,0,0,0,0,0,0,0,0,0
2016-10-24 04:28:49.622 UTC,125,5181181,1392,2034992,336,0,36,0,0.0,0,0,0,0,0,0,0,5,5,0,0,3,1,8,0,40,4,0,0,0,0,0,0,0,0,0,0,0,0,0,6243373,71,34660,6241315,4,7,3,13,0,0,49,NaN,0,0,0,0,0,0,0,0,0,0,0,0,0,0,0,0,0,0,0,0,0,0,0,0,0,0,0,0,1477283149022,3145728,0,0,0,4,8,3,8,0,8,0,0,3,8,0,0,0,4,1,8192,4,34315,3,0,2,1962458,2,1934290,6,1,0,0,0,0,0,3,35,52668392,2,0,0,0,0,0,0,56,0,0,0,0,0,0,0,0,0,0,0,0,0,0,0,0,0,4,0,0,0,0,0,0,0,0,0,0,0,0,0,0,0,0,0,0,0,0,0,0,0,0,0,0,0,0
2016-10-24 04:29:08.374 UTC,125,3158669,928,12816,0,1,14,3,0.21428572,0,0,0,0,0,0,0,3,3,2,1,3,1,5,0,10,4,0,0,0,0,0,0,0,0,0,0,0,0,0,6247408,72,0,6246559,0,0,0,0,0,0,33,NaN,0,0,0,0,0,0,0,0,0,0,0,0,0,0,0,0,0,0,0,0,0,0,0,0,0,0,0,0,1477283347880,3145728,0,0,0,13,0,0,0,2,0,0,0,3,0,0,0,0,13,0,12288,6,0,0,0,0,7786496,26,0,0,0,0,0,0,0,0,0,0,27334120,5,0,0,0,0,0,0,8,0,0,0,0,0,0,0,0,0,0,0,0,0,0,0,0,0,0,0,0,0,0,0,0,0,0,0,0,0,0,0,0,0,0,0,0,0,0,0,0,0,0,0,0,0,0
2016-10-24 04:30:46.311 UTC,125,3158669,928,12816,0,1,14,3,0.21428572,0,0,0,0,0,0,0,3,3,2,1,3,1,5,0,10,4,0,0,0,0,0,0,0,0,0,0,0,0,0,6253459,75,0,6252313,0,0,0,0,0,0,33,NaN,0,0,0,0,0,0,0,0,0,0,0,0,0,0,0,0,0,0,0,0,0,0,0,0,0,0,0,0,1477283445773,3145728,0,0,0,13,0,0,0,2,0,0,0,3,0,0,0,0,13,0,12288,6,0,0,0,0,7786496,26,0,0,0,0,0,0,0,0,0,0,27363824,3,0,0,0,0,0,0,8,0,0,0,0,0,0,0,0,0,0,0,0,0,0,0,0,0,0,0,0,0,0,0,0,0,0,0,0,0,0,0,0,0,0,0,0,0,0,0,0,0,0,0,0,0,0
2016-10-24 04:34:13.099 UTC,125,3161301,928,15448,0,2,24,4,0.16666667,0,0,0,0,0,0,1,4,4,3,1,3,1,7,0,20,4,0,0,0,0,0,0,0,0,0,0,0,0,0,6256205,76,6255157,6255157,1,2,0,2,0,0,33,NaN,0,0,0,0,0,0,0,0,0,0,0,0,0,0,0,0,0,0,0,0,0,0,0,0,0,0,0,0,1477283652484,3145728,0,0,0,15,1,3,1,4,1,0,0,3,2,0,0,0,15,0,16384,8,1160,1,0,0,7790592,28,0,0,0,0,0,0,0,0,0,0,27287264,2,0,0,0,0,0,0,21,0,0,0,0,0,0,0,0,0,0,0,0,0,0,0,0,0,0,0,0,0,0,0,0,0,0,0,0,0,0,0,0,0,0,0,0,0,0,0,0,0,0,0,0,0,0
2016-10-24 04:35:13.110 UTC,125,3178573,1392,32384,336,0,27,1,0.037037037,0,0,0,0,0,0,1,5,5,0,0,3,1,9,0,29,8,0,0,0,0,0,0,0,0,0,0,0,0,0,6260839,78,1972,6259765,2,4,1,6,0,0,33,NaN,0,0,0,0,0,0,0,0,0,0,0,0,0,0,0,0,0,0,0,0,0,0,0,0,0,0,0,0,1477283652484,3145728,0,0,0,10,4,1,4,3,4,0,0,3,4,0,0,0,10,1,8192,4,1533,1,0,1,27120,10,3097,3,0,0,0,0,0,0,1,8,22409384,2,0,0,0,0,0,0,41,0,0,0,0,0,0,0,0,0,0,0,0,0,0,0,0,0,2,0,0,0,0,1,0,0,0,0,0,0,0,2,0,2,0,0,0,0,0,0,0,0,0,0,0,0,0
2016-10-24 04:43:28.757 UTC,125,3158669,928,12816,0,1,14,3,0.21428572,0,0,0,0,0,0,0,3,3,2,1,3,1,5,0,10,4,0,0,0,0,0,0,0,0,0,0,0,0,0,6262513,79,0,6261309,0,0,0,0,0,0,33,NaN,0,0,0,0,0,0,0,0,0,0,0,0,0,0,0,0,0,0,0,0,0,0,0,0,0,0,0,0,1477284208107,3145728,0,0,0,13,0,0,0,2,0,0,0,3,0,0,0,0,13,0,12288,6,0,0,0,0,7786496,26,0,0,0,0,0,0,0,0,0,0,26598640,3,0,0,0,0,0,0,8,0,0,0,0,0,0,0,0,0,0,0,0,0,0,0,0,0,0,0,0,0,0,0,0,0,0,0,0,0,0,0,0,0,0,0,0,0,0,0,0,0,0,0,0,0,0
2016-10-24 04:44:35.169 UTC,125,3158669,928,12816,0,1,14,3,0.21428572,0,0,0,0,0,0,0,3,3,2,1,3,1,5,0,10,4,0,0,0,0,0,0,0,0,0,0,0,0,0,6265258,80,0,6264154,0,0,0,0,0,0,33,NaN,0,0,0,0,0,0,0,0,0,0,0,0,0,0,0,0,0,0,0,0,0,0,0,0,0,0,0,0,1477284274443,3145728,0,0,0,13,0,0,0,2,0,0,0,3,0,0,0,0,13,0,12288,6,0,0,0,0,7786496,26,0,0,0,0,0,0,0,0,0,0,26681864,3,0,0,0,0,0,0,8,0,0,0,0,0,0,0,0,0,0,0,0,0,0,0,0,0,0,0,0,0,0,0,0,0,0,0,0,0,0,0,0,0,0,0,0,0,0,0,0,0,0,0,0,0,0
2016-10-24 04:45:25.534 UTC,125,3158669,928,12816,0,1,14,3,0.21428572,0,0,0,0,0,0,0,3,3,2,1,3,1,5,0,10,4,0,0,0,0,0,0,0,0,0,0,0,0,0,6268133,81,0,6266899,0,0,0,0,0,0,33,NaN,0,0,0,0,0,0,0,0,0,0,0,0,0,0,0,0,0,0,0,0,0,0,0,0,0,0,0,0,1477284325089,3145728,0,0,0,13,0,0,0,2,0,0,0,3,0,0,0,0,13,0,12288,6,0,0,0,0,7786496,26,0,0,0,0,0,0,0,0,0,0,27280432,3,0,0,0,0,0,0,8,0,0,0,0,0,0,0,0,0,0,0,0,0,0,0,0,0,0,0,0,0,0,0,0,0,0,0,0,0,0,0,0,0,0,0,0,0,0,0,0,0,0,0,0,0,0
2016-10-24 04:46:27.113 UTC,125,3158669,928,12816,0,1,14,3,0.21428572,0,0,0,0,0,0,0,3,3,2,1,3,1,5,0,10,4,0,0,0,0,0,0,0,0,0,0,0,0,0,6270908,82,0,6269774,0,0,0,0,0,0,-1,NaN,0,0,0,0,0,0,0,0,0,0,0,0,0,0,0,0,0,0,0,0,0,0,0,0,0,0,0,0,1477284386358,3145728,0,0,0,13,0,0,0,2,0,0,0,3,0,0,0,0,13,0,12288,6,0,0,0,0,7786496,26,0,0,0,0,0,0,0,0,0,0,26676896,3,0,0,0,0,0,0,8,0,0,0,0,0,0,0,0,0,0,0,0,0,0,0,0,0,0,0,0,0,0,0,0,0,0,0,0,0,0,0,0,0,0,0,0,0,0,0,0,0,0,0,0,0,0
2016-10-24 04:51:42.632 UTC,125,3158669,928,12816,0,1,14,3,0.21428572,0,0,0,0,0,0,0,3,3,2,1,3,1,5,0,10,4,0,0,0,0,0,0,0,0,0,0,0,0,0,6273813,83,0,6272549,0,0,0,0,0,0,33,NaN,0,0,0,0,0,0,0,0,0,0,0,0,0,0,0,0,0,0,0,0,0,0,0,0,0,0,0,0,1477284701891,3145728,0,0,0,13,0,0,0,2,0,0,0,3,0,0,0,0,13,0,12288,6,0,0,0,0,7786496,26,0,0,0,0,0,0,0,0,0,0,26601840,3,0,0,0,0,0,0,8,0,0,0,0,0,0,0,0,0,0,0,0,0,0,0,0,0,0,0,0,0,0,0,0,0,0,0,0,0,0,0,0,0,0,0,0,0,0,0,0,0,0,0,0,0,0
2016-10-24 04:52:38.349 UTC,125,3158669,928,12816,0,1,14,3,0.21428572,0,0,0,0,0,0,0,3,3,2,1,3,1,5,0,10,4,0,0,0,0,0,0,0,0,0,0,0,0,0,6276618,84,0,6275454,0,0,0,0,0,0,33,NaN,0,0,0,0,0,0,0,0,0,0,0,0,0,0,0,0,0,0,0,0,0,0,0,0,0,0,0,0,1477284757650,3145728,0,0,0,13,0,0,0,2,0,0,0,3,0,0,0,0,13,0,12288,6,0,0,0,0,7786496,26,0,0,0,0,0,0,0,0,0,0,27280792,2,0,0,0,0,0,0,8,0,0,0,0,0,0,0,0,0,0,0,0,0,0,0,0,0,0,0,0,0,0,0,0,0,0,0,0,0,0,0,0,0,0,0,0,0,0,0,0,0,0,0,0,0,0
2016-10-24 04:56:24.598 UTC,125,3158669,928,12816,0,1,14,3,0.21428572,0,0,0,0,0,0,0,3,3,2,1,3,1,5,0,10,4,0,0,0,0,0,0,0,0,0,0,0,0,0,6279553,85,0,6278259,0,0,0,0,0,0,33,NaN,0,0,0,0,0,0,0,0,0,0,0,0,0,0,0,0,0,0,0,0,0,0,0,0,0,0,0,0,1477284983984,3145728,0,0,0,13,0,0,0,2,0,0,0,3,0,0,0,0,13,0,12288,6,0,0,0,0,7786496,26,0,0,0,0,0,0,0,0,0,0,27277368,3,0,0,0,0,0,0,8,0,0,0,0,0,0,0,0,0,0,0,0,0,0,0,0,0,0,0,0,0,0,0,0,0,0,0,0,0,0,0,0,0,0,0,0,0,0,0,0,0,0,0,0,0,0
2016-10-24 04:57:04.903 UTC,125,3158669,928,12816,0,0,14,3,0.21428572,0,0,0,0,0,0,0,3,3,2,0,3,1,5,0,10,4,0,0,0,0,0,0,0,0,0,0,0,0,0,6283271,86,0,6281194,0,0,0,0,0,0,33,NaN,0,0,0,0,0,0,0,0,0,0,0,0,0,0,0,0,0,0,0,0,0,0,0,0,0,0,0,0,1477285024392,3145728,0,0,0,12,0,0,0,2,0,0,0,3,0,0,0,0,12,0,10240,5,0,0,0,0,7786496,26,0,0,0,0,0,0,0,0,0,0,27277992,3,0,0,0,0,0,0,8,0,0,0,0,0,0,0,0,0,0,0,0,0,0,0,0,0,0,0,0,0,0,0,0,0,0,0,0,0,0,0,0,0,0,0,0,0,0,0,0,0,0,0,0,0,0
2016-10-24 04:58:04.910 UTC,125,3178949,1392,32760,336,1,36,2,0.055555556,0,0,0,0,0,0,1,5,5,0,0,3,1,9,0,39,9,0,0,0,0,0,0,0,0,0,0,0,0,0,6289153,89,1386,6288107,3,6,2,10,0,0,33,NaN,0,0,0,0,0,0,0,0,0,0,0,0,0,0,0,0,0,0,0,0,0,0,0,0,0,0,0,0,1477285024392,3145728,0,0,0,13,6,2,6,3,6,0,0,3,6,0,0,0,13,1,8192,4,1590,1,0,1,33264,13,4292,5,0,0,0,0,0,0,1,26,22747520,3,0,0,0,0,0,0,55,0,0,0,0,0,0,0,0,0,0,0,0,0,0,0,0,0,3,0,0,0,0,1,0,0,0,0,0,0,0,3,0,3,0,0,0,0,0,0,0,0,0,0,0,0,0
2016-10-24 05:02:05.233 UTC,125,3158669,928,12816,0,1,14,3,0.21428572,0,0,0,0,0,0,0,3,3,2,1,3,1,5,0,10,4,0,0,0,0,0,0,0,0,0,0,0,0,0,6289153,89,0,6288107,0,0,0,0,0,0,33,NaN,0,0,0,0,0,0,0,0,0,0,0,0,0,0,0,0,0,0,0,0,0,0,0,0,0,0,0,0,1477285324715,3145728,0,0,0,13,0,0,0,2,0,0,0,3,0,0,0,0,13,0,10240,5,0,0,0,0,7788544,27,0,0,0,0,0,0,0,0,0,0,27236352,2,0,0,0,0,0,0,8,0,0,0,0,0,0,0,0,0,0,0,0,0,0,0,0,0,0,0,0,0,0,0,0,0,0,0,0,0,0,0,0,0,0,0,0,0,0,0,0,0,0,0,0,0,0
2016-10-24 05:02:36.441 UTC,125,3158669,928,12816,0,1,14,3,0.21428572,0,0,0,0,0,0,0,3,3,2,1,3,1,5,0,10,4,0,0,0,0,0,0,0,0,0,0,0,0,0,6289153,89,0,6288107,0,0,0,0,0,0,33,NaN,0,0,0,0,0,0,0,0,0,0,0,0,0,0,0,0,0,0,0,0,0,0,0,0,0,0,0,0,1477285355879,3145728,0,0,0,13,0,0,0,2,0,0,0,3,0,0,0,0,13,0,10240,5,0,0,0,0,7788544,27,0,0,0,0,0,0,0,0,0,0,26554656,3,0,0,0,0,0,0,8,0,0,0,0,0,0,0,0,0,0,0,0,0,0,0,0,0,0,0,0,0,0,0,0,0,0,0,0,0,0,0,0,0,0,0,0,0,0,0,0,0,0,0,0,0,0
2016-10-24 05:03:05.743 UTC,125,3158669,928,12816,0,1,14,3,0.21428572,0,0,0,0,0,0,0,3,3,2,1,3,1,5,0,10,4,0,0,0,0,0,0,0,0,0,0,0,0,0,6291740,90,0,6290794,0,0,0,0,0,0,33,NaN,0,0,0,0,0,0,0,0,0,0,0,0,0,0,0,0,0,0,0,0,0,0,0,0,0,0,0,0,1477285385138,3145728,0,0,0,13,0,0,0,2,0,0,0,3,0,0,0,0,13,0,10240,5,0,0,0,0,7788544,27,0,0,0,0,0,0,0,0,0,0,26598712,3,0,0,0,0,0,0,8,0,0,0,0,0,0,0,0,0,0,0,0,0,0,0,0,0,0,0,0,0,0,0,0,0,0,0,0,0,0,0,0,0,0,0,0,0,0,0,0,0,0,0,0,0,0
2016-10-24 05:04:05.750 UTC,125,3178949,1392,32760,336,1,36,2,0.055555556,0,0,0,0,0,0,1,5,5,0,0,3,1,9,0,39,9,0,0,0,0,0,0,0,0,0,0,0,0,0,6297807,93,1446,6296701,3,6,2,10,0,0,33,NaN,0,0,0,0,0,0,0,0,0,0,0,0,0,0,0,0,0,0,0,0,0,0,0,0,0,0,0,0,1477285385138,3145728,0,0,0,13,6,3,6,3,6,0,0,3,6,0,0,0,13,1,8192,4,1590,1,0,1,33264,13,4477,5,0,0,0,0,0,0,1,8,22770760,2,0,0,0,0,0,0,55,0,0,0,0,0,0,0,0,0,0,0,0,0,0,0,0,0,3,0,0,0,0,1,0,0,0,0,0,0,0,3,0,3,0,0,0,0,0,0,0,0,0,0,0,0,0
2016-10-24 05:04:38.490 UTC,125,3158669,928,12816,0,1,14,3,0.21428572,0,0,0,0,0,0,0,3,3,2,1,3,1,5,0,10,4,0,0,0,0,0,0,0,0,0,0,0,0,0,6299400,94,0,6298348,0,0,0,0,0,0,33,NaN,0,0,0,0,0,0,0,0,0,0,0,0,0,0,0,0,0,0,0,0,0,0,0,0,0,0,0,0,1477285478094,3145728,0,0,0,13,0,0,0,2,0,0,0,3,0,0,0,0,13,0,10240,5,0,0,0,0,7788544,27,0,0,0,0,0,0,0,0,0,0,27290624,3,0,0,0,0,0,0,8,0,0,0,0,0,0,0,0,0,0,0,0,0,0,0,0,0,0,0,0,0,0,0,0,0,0,0,0,0,0,0,0,0,0,0,0,0,0,0,0,0,0,0,0,0,0
2016-10-24 05:04:38.807 UTC,125,3171973,1160,26120,0,0,3,1,0.33333334,0,0,0,0,0,0,0,4,4,0,0,3,1,7,0,3,3,0,0,0,0,0,0,0,0,0,0,0,0,0,6299400,94,0,6298348,0,0,0,0,0,0,33,NaN,0,0,0,0,0,0,0,0,0,0,0,0,0,0,0,0,0,0,0,0,0,0,0,0,0,0,0,0,1477285478094,3145728,0,0,0,5,0,0,0,1,0,0,0,3,0,0,0,0,5,1,2048,1,0,0,0,1,18928,6,0,0,0,0,0,0,0,0,0,0,32747096,3,0,0,0,0,0,0,4,0,0,0,0,0,0,0,0,0,0,0,0,0,0,0,0,0,0,0,0,0,0,1,0,0,0,0,0,0,0,0,0,0,0,0,0,0,0,0,0,0,0,0,0,0,0
2016-10-24 05:10:55.533 UTC,125,3158669,928,12816,0,1,14,3,0.21428572,0,0,0,0,0,0,0,3,3,2,1,3,1,5,0,10,4,0,0,0,0,0,0,0,0,0,0,0,0,0,6299400,94,0,6298348,0,0,0,0,0,0,33,NaN,0,0,0,0,0,0,0,0,0,0,0,0,0,0,0,0,0,0,0,0,0,0,0,0,0,0,0,0,1477285854850,3145728,0,0,0,13,0,0,0,2,0,0,0,3,0,0,0,0,13,0,10240,5,0,0,0,0,7788544,27,0,0,0,0,0,0,0,0,0,0,27266128,2,0,0,0,0,0,0,8,0,0,0,0,0,0,0,0,0,0,0,0,0,0,0,0,0,0,0,0,0,0,0,0,0,0,0,0,0,0,0,0,0,0,0,0,0,0,0,0,0,0,0,0,0,0
2016-10-24 05:17:54.149 UTC,125,3158669,928,12816,0,1,14,3,0.21428572,0,0,0,0,0,0,0,3,3,2,1,3,1,5,0,10,4,0,0,0,0,0,0,0,0,0,0,0,0,0,6299400,94,0,6298348,0,0,0,0,0,0,33,NaN,0,0,0,0,0,0,0,0,0,0,0,0,0,0,0,0,0,0,0,0,0,0,0,0,0,0,0,0,1477286273414,3145728,0,0,0,13,0,0,0,2,0,0,0,3,0,0,0,0,13,0,10240,5,0,0,0,0,7788544,27,0,0,0,0,0,0,0,0,0,0,26555504,4,0,0,0,0,0,0,8,0,0,0,0,0,0,0,0,0,0,0,0,0,0,0,0,0,0,0,0,0,0,0,0,0,0,0,0,0,0,0,0,0,0,0,0,0,0,0,0,0,0,0,0,0,0
2016-10-24 05:18:54.155 UTC,125,3292477,1392,146288,336,2,130,3,0.023076924,1,0,0,0,0,0,1,6,6,0,1,3,2,9,0,141,18,0,0,0,0,0,0,0,0,0,0,0,0,0,6429216,107,5394,6427858,13,25,9,43,0,0,33,NaN,0,0,0,0,0,0,0,0,0,0,0,0,0,0,0,0,0,0,0,0,0,0,0,0,0,0,0,0,1477286273414,3145728,0,0,0,25,26,24,26,3,26,0,0,3,26,0,0,0,25,1,22528,11,73419,8,0,8,140996,25,56397,18,0,0,0,0,0,0,4,36,11900080,4,0,0,0,0,0,0,199,0,0,0,0,0,0,0,0,0,0,0,0,0,0,0,0,0,12,0,0,1,0,1,0,0,0,0,0,0,0,2,1,2,0,0,0,0,0,0,0,0,0,0,0,0,0
2016-10-24 05:20:36.843 UTC,125,3158669,928,12816,0,1,14,3,0.21428572,0,0,0,0,0,0,0,3,3,2,1,3,1,5,0,10,4,0,0,0,0,0,0,0,0,0,0,0,0,0,6444061,110,0,6442949,0,0,0,0,0,0,33,NaN,0,0,0,0,0,0,0,0,0,0,0,0,0,0,0,0,0,0,0,0,0,0,0,0,0,0,0,0,1477286436208,3145728,0,0,0,13,0,0,0,2,0,0,0,3,0,0,0,0,13,0,10240,5,0,0,0,0,7788544,27,0,0,0,0,0,0,0,0,0,0,27314464,3,0,0,0,0,0,0,8,0,0,0,0,0,0,0,0,0,0,0,0,0,0,0,0,0,0,0,0,0,0,0,0,0,0,0,0,0,0,0,0,0,0,0,0,0,0,0,0,0,0,0,0,0,0
2016-10-24 05:20:49.067 UTC,125,3158669,928,12816,0,1,14,3,0.21428572,0,0,0,0,0,0,0,3,3,2,1,3,1,5,0,10,4,0,0,0,0,0,0,0,0,0,0,0,0,0,6449022,112,0,6447787,0,0,0,0,0,0,33,NaN,0,0,0,0,0,0,0,0,0,0,0,0,0,0,0,0,0,0,0,0,0,0,0,0,0,0,0,0,1477286448558,3145728,0,0,0,13,0,0,0,2,0,0,0,3,0,0,0,0,13,0,10240,5,0,0,0,0,7788544,27,0,0,0,0,0,0,0,0,0,0,27250848,3,0,0,0,0,0,0,8,0,0,0,0,0,0,0,0,0,0,0,0,0,0,0,0,0,0,0,0,0,0,0,0,0,0,0,0,0,0,0,0,0,0,0,0,0,0,0,0,0,0,0,0,0,0
2016-10-24 05:21:49.076 UTC,125,3227397,1392,81208,336,2,134,3,0.02238806,1,0,0,0,0,0,0,6,6,0,2,3,2,9,0,143,17,0,0,0,0,0,0,0,0,0,0,0,0,0,6512937,125,3476,6511899,13,25,10,45,0,0,33,NaN,0,0,0,0,0,0,0,0,0,0,0,0,0,0,0,0,0,0,0,0,0,0,0,0,0,0,0,0,1477286448558,3145728,0,0,0,25,26,15,26,3,26,0,0,3,26,0,0,0,25,1,14336,7,15486,5,0,7,80948,28,48430,21,0,0,0,0,0,0,2,39,76896240,3,0,0,0,0,0,0,203,0,0,0,0,0,0,0,0,0,0,0,0,0,0,0,0,0,11,0,0,2,0,1,0,0,0,0,0,0,0,2,1,2,0,0,0,0,0,0,0,0,0,0,0,0,0
2016-10-24 05:22:49.085 UTC,125,5884125,1392,2737936,336,0,125,0,0.0,0,0,0,0,0,0,0,7,6,0,0,3,2,10,0,128,8,0,0,0,0,0,0,0,0,0,0,0,0,0,9187495,137,617364,9185910,12,22,12,46,0,0,30,NaN,0,0,0,0,0,0,0,0,0,0,0,0,0,0,0,0,0,0,0,0,0,0,0,0,0,0,0,0,1477286448558,3145728,0,0,0,8,24,15,24,0,24,0,0,3,24,0,0,0,8,1,10240,5,62120,4,0,7,2034854,10,2612438,21,1,0,0,0,0,0,4,44,38241592,2,0,0,0,0,0,0,184,0,0,0,0,0,0,0,0,0,0,0,0,0,0,0,0,0,8,0,0,4,0,0,0,0,0,0,0,0,0,0,0,0,0,0,0,0,0,0,0,0,0,0,0,0,0
2016-10-24 05:23:49.094 UTC,125,6542637,1392,3396448,336,0,140,0,0.0,0,0,0,0,0,0,0,7,6,0,0,3,2,10,0,136,4,0,0,0,0,0,0,0,0,0,0,0,0,0,9868978,149,15160,9865634,12,26,12,50,0,0,30,NaN,0,0,0,0,0,0,0,0,0,0,0,0,0,0,0,0,0,0,0,0,0,0,0,0,0,0,0,0,1477286448558,3145728,0,0,0,4,24,20,24,0,24,0,0,3,24,0,0,0,4,1,8192,4,15779,4,0,1,14557,1,665704,20,0,0,0,0,0,0,2,8,27794840,2,0,0,0,0,0,0,200,0,0,0,0,0,0,0,0,0,0,0,0,0,0,0,0,0,4,0,0,8,0,0,0,0,0,0,0,0,0,0,0,0,0,0,0,0,0,0,0,0,0,0,0,0,0
2016-10-24 05:23:52.697 UTC,125,6572885,1392,3427032,0,0,13,0,0.0,0,0,0,0,0,0,0,7,6,0,0,3,2,10,0,12,0,0,0,0,0,0,0,0,0,0,0,0,0,0,9900825,150,33947,9899581,1,3,0,3,0,0,30,NaN,0,0,0,0,0,0,0,0,0,0,0,0,0,0,0,0,0,0,0,0,0,0,0,0,0,0,0,0,1477286448558,3145728,0,0,0,0,2,1,2,0,2,0,0,3,2,0,0,0,0,1,0,0,0,0,0,0,0,0,31847,2,0,0,0,0,0,0,0,0,35526144,2,0,0,0,0,0,0,18,0,0,0,0,0,0,0,0,0,0,0,0,0,0,0,0,0,0,0,0,1,0,0,0,0,0,0,0,0,0,0,0,0,0,0,0,0,0,0,0,0,0,0,0,0,0
2016-10-24 05:24:58.000 UTC,125,3159685,696,13832,0,1,11,4,0.36363637,0,0,0,0,0,0,0,4,3,2,1,3,2,5,0,8,3,0,0,0,0,0,0,0,0,0,0,0,0,0,9901502,151,0,9900939,0,0,0,0,0,0,34,NaN,0,0,0,0,0,0,0,0,0,0,0,0,0,0,0,0,0,0,0,0,0,0,0,0,0,0,0,0,1477286697358,3145728,0,0,0,13,0,0,0,2,0,0,0,3,0,0,0,0,13,0,12288,6,0,0,0,0,11597824,28,0,0,0,0,0,0,0,0,0,0,27215248,2,0,0,0,0,0,0,6,0,0,0,0,0,0,0,0,0,0,0,0,0,0,0,0,0,0,0,0,0,0,0,0,0,0,0,0,0,0,0,0,0,0,0,0,0,0,0,0,0,0,0,0,0,0
2016-10-24 05:25:58.006 UTC,250,5184314,1704,2038000,336,1,134,2,0.014925373,0,0,0,0,0,0,0,7,5,0,1,5,2,9,0,139,20,0,0,0,0,0,0,0,0,0,0,0,0,0,4296931261,164,6187,4296929994,13,29,9,41,0,0,34,NaN,0,0,0,0,0,0,0,0,0,0,0,0,0,0,0,0,0,0,0,0,0,0,0,0,0,0,0,0,1477286697358,3145728,0,0,0,25,26,13,26,5,26,0,0,3,27,0,0,0,25,1,36864,18,70466,13,0,11,2029234,22,1949911,15,1,0,0,0,0,0,6,71,65974584,2,0,0,0,0,0,0,202,0,0,0,0,0,0,0,0,0,0,0,0,0,0,0,0,0,13,0,0,0,0,1,0,0,0,0,0,0,0,0,0,0,0,0,0,0,0,0,0,0,0,0,0,0,0
2016-10-24 05:26:58.013 UTC,250,5250474,1704,2104160,336,0,120,0,0.0,0,0,0,0,0,0,0,7,5,0,0,5,2,9,0,120,12,0,0,0,0,0,0,0,0,0,0,0,0,0,4297020085,176,2682,4297018534,12,34,8,38,0,0,34,NaN,0,0,0,0,0,0,0,0,0,0,0,0,0,0,0,0,0,0,0,0,0,0,0,0,0,0,0,0,1477286697358,3145728,0,0,0,12,24,16,24,0,24,0,0,3,24,0,0,0,12,1,24576,12,66886,12,0,7,63110,7,21938,12,0,0,0,0,0,0,1,20,85906040,2,0,0,0,0,0,0,180,0,0,0,0,0,0,0,0,0,0,0,0,0,0,0,0,0,12,0,0,0,0,0,0,0,0,0,0,0,0,0,0,0,0,0,0,0,0,0,0,0,0,0,0,0,0
2016-10-24 05:27:58.019 UTC,250,6565562,1704,3419248,336,0,120,0,0.0,0,0,0,0,0,0,0,7,5,0,0,5,2,9,0,120,12,0,0,0,0,0,0,0,0,0,0,0,0,0,4298359014,188,16464,4298357240,12,34,8,38,0,0,32,NaN,0,0,0,0,0,0,0,0,0,0,0,0,0,0,0,0,0,0,0,0,0,0,0,0,0,0,0,0,1477286697358,3145728,0,0,0,12,24,11,24,0,24,0,0,3,24,0,0,0,12,1,24576,12,1315891,12,0,11,1314881,11,23038,12,0,0,0,0,0,0,1,47,174332816,2,0,0,0,0,0,0,180,0,0,0,0,0,0,0,0,0,0,0,0,0,0,0,0,0,12,0,0,0,0,0,0,0,0,0,0,0,0,0,0,0,0,0,0,0,0,0,0,0,0,0,0,0,0
2016-10-24 05:28:02.168 UTC,250,6569842,1704,3423864,0,0,10,0,0.0,0,0,0,0,0,0,0,7,5,0,0,5,2,9,0,10,1,0,0,0,0,0,0,0,0,0,0,0,0,0,4298365737,189,6514,4298363754,1,3,1,4,0,0,32,NaN,0,0,0,0,0,0,0,0,0,0,0,0,0,0,0,0,0,0,0,0,0,0,0,0,0,0,0,0,1477286697358,3145728,0,0,0,1,2,0,2,0,2,0,0,3,2,0,0,0,1,1,2048,1,4682,1,0,1,4635,1,2041,1,0,0,0,0,0,0,0,0,179673800,2,0,0,0,0,0,0,15,0,0,0,0,0,0,0,0,0,0,0,0,0,0,0,0,0,1,0,0,0,0,0,0,0,0,0,0,0,0,0,0,0,0,0,0,0,0,0,0,0,0,0,0,0,0
2016-10-24 05:28:53.458 UTC,250,3160978,904,15000,0,2,12,4,0.33333334,0,0,0,0,0,0,0,4,3,2,2,4,2,5,0,10,4,0,0,0,0,0,0,0,0,0,0,0,0,0,4298366825,190,0,4298365857,0,0,0,0,0,0,26,NaN,0,0,0,0,0,0,0,0,0,0,0,0,0,0,0,0,0,0,0,0,0,0,0,0,0,0,0,0,1477286932819,3145728,0,0,0,15,0,0,0,3,0,0,0,3,0,0,0,0,15,0,14336,7,0,0,0,0,3921920,20,0,0,0,0,0,0,0,0,0,0,26628792,2,0,0,0,0,0,0,6,0,0,0,0,0,0,0,0,0,0,0,0,0,0,0,0,0,0,0,0,0,0,0,0,0,0,0,0,0,0,0,0,0,0,0,0,0,0,0,0,0,0,0,0,0,0
2016-10-24 05:30:05.624 UTC,250,3162378,1240,16400,0,2,17,4,0.23529412,0,0,0,0,0,0,0,4,3,3,2,4,2,5,0,13,5,0,0,0,0,0,0,0,0,0,0,0,0,0,4300339963,194,0,4300338718,0,0,0,0,0,0,22,NaN,0,0,0,0,0,0,0,0,0,0,0,0,0,0,0,0,0,0,0,0,0,0,0,0,0,0,0,0,1477287005059,3145728,0,0,0,16,0,0,0,3,0,0,0,3,0,0,0,0,16,0,16384,8,0,0,0,0,5842944,21,0,0,0,0,0,0,0,0,0,0,26640528,2,0,0,0,0,0,0,9,0,0,0,0,0,0,0,0,0,0,0,0,0,0,0,0,0,0,0,0,0,0,0,0,0,0,0,0,0,0,0,0,0,0,0,0,0,0,0,0,0,0,0,0,0,0
2016-10-24 05:31:05.632 UTC,250,5164810,1704,2018496,336,1,127,2,0.015748031,0,0,0,0,0,0,0,6,5,0,1,4,2,8,0,139,19,0,0,0,0,0,0,0,0,0,0,0,0,0,4302344143,207,5535,4302342587,13,27,8,41,0,0,22,NaN,0,0,0,0,0,0,0,0,0,0,0,0,0,0,0,0,0,0,0,0,0,0,0,0,0,0,0,0,1477287005059,3145728,0,0,0,24,26,17,26,4,26,0,0,3,26,0,0,0,24,2,36864,18,53284,12,0,8,2007427,18,1950896,15,1,0,0,0,0,0,6,55,70372720,2,0,0,0,0,0,0,196,0,0,0,0,0,0,0,0,0,0,0,0,0,0,0,0,0,13,0,0,0,0,1,0,0,0,0,0,0,0,0,0,0,0,0,0,0,0,0,0,0,0,0,0,0,0
2016-10-24 05:32:05.640 UTC,250,5297058,1704,2150744,336,0,109,0,0.0,0,0,0,0,0,0,0,6,5,0,0,4,2,8,0,120,12,0,0,0,0,0,0,0,0,0,0,0,0,0,4302497548,219,1695,4302496089,12,23,8,38,0,0,22,NaN,0,0,0,0,0,0,0,0,0,0,0,0,0,0,0,0,0,0,0,0,0,0,0,0,0,0,0,0,1477287005059,3145728,0,0,0,12,24,15,24,0,24,0,0,3,24,0,0,0,12,2,24576,12,133054,12,0,10,131843,10,20351,12,0,0,0,0,0,0,1,27,100931128,2,0,0,0,0,0,0,169,0,0,0,0,0,0,0,0,0,0,0,0,0,0,0,0,0,12,0,0,0,0,0,0,0,0,0,0,0,0,0,0,0,0,0,0,0,0,0,0,0,0,0,0,0,0
2016-10-24 05:33:05.647 UTC,250,6554842,1704,3408528,336,0,110,0,0.0,0,0,0,0,0,0,0,7,5,0,0,5,2,9,0,120,12,0,0,0,0,0,0,0,0,0,0,0,0,0,4303774284,231,617666,4303772789,12,24,7,37,0,0,19,NaN,0,0,0,0,0,0,0,0,0,0,0,0,0,0,0,0,0,0,0,0,0,0,0,0,0,0,0,0,1477287005059,3145728,0,0,0,12,24,15,24,0,24,0,0,3,24,0,0,0,12,2,24576,12,1256203,12,0,11,1255276,11,20533,12,0,0,0,0,0,0,1,11,179968656,3,0,0,0,0,0,0,169,0,0,0,0,0,0,0,0,0,0,0,0,0,0,0,0,0,12,0,0,0,0,0,0,0,0,0,0,0,0,0,0,0,0,0,0,0,0,0,0,0,0,0,0,0,0
2016-10-24 05:33:09.531 UTC,250,6569866,1704,3423888,0,0,9,0,0.0,0,0,0,0,0,0,0,7,5,0,0,5,2,9,0,10,1,0,0,0,0,0,0,0,0,0,0,0,0,0,4303791216,232,16979,4303789768,1,2,0,2,0,0,19,NaN,0,0,0,0,0,0,0,0,0,0,0,0,0,0,0,0,0,0,0,0,0,0,0,0,0,0,0,0,1477287005059,3145728,0,0,0,1,2,0,2,0,2,0,0,3,2,0,0,0,1,2,2048,1,15426,1,0,1,15380,1,1506,1,0,0,0,0,0,0,0,0,188010896,3,0,0,0,0,0,0,14,0,0,0,0,0,0,0,0,0,0,0,0,0,0,0,0,0,1,0,0,0,0,0,0,0,0,0,0,0,0,0,0,0,0,0,0,0,0,0,0,0,0,0,0,0,0
2016-10-24 05:51:47.026 UTC,250,3162338,904,16360,0,2,12,5,0.41666666,0,0,0,0,0,0,0,5,3,2,2,5,3,5,0,10,4,0,0,0,0,0,0,0,0,0,0,0,0,0,4303792109,233,0,4303791336,0,0,0,0,0,0,18,NaN,0,0,0,0,0,0,0,0,0,0,0,0,0,0,0,0,0,0,0,0,0,0,0,0,0,0,0,0,1477288306491,3145728,0,0,0,16,0,0,0,3,0,0,0,3,0,0,0,0,16,0,14336,7,0,0,0,0,9687040,24,0,0,0,0,0,0,0,0,0,0,26636840,3,0,0,0,0,0,0,6,0,0,0,0,0,0,0,0,0,0,0,0,0,0,0,0,0,0,0,0,0,0,0,0,0,0,0,0,0,0,0,0,0,0,0,0,0,0,0,0,0,0,0,0,0,0
2016-10-24 05:52:47.036 UTC,375,5181743,2016,2035304,336,1,133,2,0.015037594,0,0,0,0,0,0,0,7,5,0,1,5,3,8,0,139,20,0,0,0,0,0,0,0,0,0,0,0,0,0,8591903378,246,6512,8591902099,13,29,9,41,0,0,18,NaN,0,0,0,0,0,0,0,0,0,0,0,0,0,0,0,0,0,0,0,0,0,0,0,0,0,0,0,0,1477288306491,3145728,0,0,0,25,26,20,26,6,26,0,0,3,27,0,0,0,25,2,38912,19,33995,12,0,10,2024499,21,1987363,16,1,0,0,0,0,0,5,84,60927184,3,0,0,0,0,0,0,202,0,0,0,0,0,0,0,0,0,0,0,0,0,0,0,0,0,13,0,0,0,0,1,0,0,0,0,0,0,0,0,0,0,0,0,0,0,0,0,0,0,0,0,0,0,0
2016-10-24 05:53:47.044 UTC,375,5291383,2016,2144944,336,0,120,0,0.0,0,0,0,0,0,0,0,7,5,0,0,5,3,8,0,120,12,0,0,0,0,0,0,0,0,0,0,0,0,0,8592036847,258,32318,8592035084,12,35,7,37,0,0,18,NaN,0,0,0,0,0,0,0,0,0,0,0,0,0,0,0,0,0,0,0,0,0,0,0,0,0,0,0,0,1477288306491,3145728,0,0,0,12,24,17,24,0,24,0,0,3,24,0,0,0,12,2,24576,12,110449,12,0,10,109194,10,23021,12,0,0,0,0,0,0,1,14,95003520,3,0,0,0,0,0,0,180,0,0,0,0,0,0,0,0,0,0,0,0,0,0,0,0,0,12,0,0,0,0,0,0,0,0,0,0,0,0,0,0,0,0,0,0,0,0,0,0,0,0,0,0,0,0
2016-10-24 05:56:09.283 UTC,375,3164127,1552,18024,0,3,18,5,0.2777778,0,0,0,0,0,0,0,5,3,3,3,5,3,5,0,15,6,0,0,0,0,0,0,0,0,0,0,0,0,0,8592061315,260,0,8592059388,0,0,0,0,0,0,16,NaN,0,0,0,0,0,0,0,0,0,0,0,0,0,0,0,0,0,0,0,0,0,0,0,0,0,0,0,0,1477288568627,3145728,0,0,0,19,0,0,0,4,0,0,0,3,0,0,0,0,19,0,20480,10,0,0,0,0,3926016,22,0,0,0,0,0,0,0,0,0,0,26645360,3,0,0,0,0,0,0,9,0,0,0,0,0,0,0,0,0,0,0,0,0,0,0,0,0,0,0,0,0,0,0,0,0,0,0,0,0,0,0,0,0,0,0,0,0,0,0,0,0,0,0,0,0,0
2016-10-24 05:57:20.730 UTC,250,3161930,1240,15952,0,2,15,4,0.26666668,0,0,0,0,0,0,0,4,3,2,2,4,2,5,0,12,5,0,0,0,0,0,0,0,0,0,0,0,0,0,8592129262,265,0,8592127796,0,0,0,0,0,0,31,NaN,0,0,0,0,0,0,0,0,0,0,0,0,0,0,0,0,0,0,0,0,0,0,0,0,0,0,0,0,1477288640145,3145728,0,0,0,16,0,0,0,2,0,0,0,3,0,0,0,0,16,0,6144,3,0,0,0,0,3930112,24,0,0,0,0,0,0,0,0,0,0,27376768,2,0,0,0,0,0,0,8,0,0,0,0,0,0,0,0,0,0,0,0,0,0,0,0,0,0,0,0,0,0,0,0,0,0,0,0,0,0,0,0,0,0,0,0,0,0,0,0,0,0,0,0,0,0
2016-10-24 05:58:20.739 UTC,250,3217858,1704,71544,336,1,74,2,0.027027028,0,0,0,0,0,0,0,6,5,0,1,4,2,8,0,79,13,0,0,0,0,0,0,0,0,0,0,0,0,0,8592175587,272,1826,8592174249,7,14,4,21,0,0,31,NaN,0,0,0,0,0,0,0,0,0,0,0,0,0,0,0,0,0,0,0,0,0,0,0,0,0,0,0,0,1477288640145,3145728,0,0,0,18,14,9,14,4,14,0,0,3,14,0,0,0,18,2,12288,6,6476,3,0,6,75541,22,39849,11,0,0,0,0,0,0,3,31,41353784,6,0,0,0,0,0,0,113,0,0,0,0,0,0,0,0,0,0,0,0,0,0,0,0,0,7,0,0,0,0,1,0,0,0,0,0,0,0,3,0,3,0,0,0,0,0,0,0,0,0,0,0,0,0
2016-10-24 05:59:20.749 UTC,250,3277074,1704,130760,336,0,57,0,0.0,0,0,0,0,0,0,0,6,5,0,0,4,2,8,0,60,6,0,0,0,0,0,0,0,0,0,0,0,0,0,8592245062,278,6383,8592243393,6,15,3,18,0,0,31,NaN,0,0,0,0,0,0,0,0,0,0,0,0,0,0,0,0,0,0,0,0,0,0,0,0,0,0,0,0,1477288640145,3145728,0,0,0,6,12,7,12,0,12,0,0,3,12,0,0,0,6,2,6144,3,42429,3,0,6,65510,9,27046,9,0,0,0,0,0,0,3,20,29409528,4,0,0,0,0,0,0,87,0,0,0,0,0,0,0,0,0,0,0,0,0,0,0,0,0,6,0,0,0,0,0,0,0,0,0,0,0,0,0,0,0,0,0,0,0,0,0,0,0,0,0,0,0,0
2016-10-24 06:00:20.757 UTC,250,3361914,1704,215600,336,0,56,0,0.0,0,0,0,0,0,0,0,6,5,0,0,4,2,8,0,60,6,0,0,0,0,0,0,0,0,0,0,0,0,0,8592341279,284,64966,8592339763,6,13,4,19,0,0,31,NaN,0,0,0,0,0,0,0,0,0,0,0,0,0,0,0,0,0,0,0,0,0,0,0,0,0,0,0,0,1477288640145,3145728,0,0,0,6,12,9,12,0,12,0,0,3,12,0,0,0,6,2,4096,2,65349,2,0,3,90567,7,30868,10,0,0,0,0,0,0,3,21,18968800,3,0,0,0,0,0,0,86,0,0,0,0,0,0,0,0,0,0,0,0,0,0,0,0,0,6,0,0,0,0,0,0,0,0,0,0,0,0,0,0,0,0,0,0,0,0,0,0,0,0,0,0,0,0
2016-10-24 06:01:20.765 UTC,250,3431306,1704,284992,336,0,56,0,0.0,0,0,0,0,0,0,0,6,5,0,0,4,2,8,0,60,6,0,0,0,0,0,0,0,0,0,0,0,0,0,8592425052,290,14116,8592422311,6,13,5,20,0,0,31,NaN,0,0,0,0,0,0,0,0,0,0,0,0,0,0,0,0,0,0,0,0,0,0,0,0,0,0,0,0,1477288640145,3145728,0,0,0,6,12,2,12,0,12,0,0,3,12,0,0,0,6,2,4096,2,37749,2,0,5,77260,9,46024,10,0,0,0,0,0,0,3,4,15757280,4,0,0,0,0,0,0,86,0,0,0,0,0,0,0,0,0,0,0,0,0,0,0,0,0,6,0,0,0,0,0,0,0,0,0,0,0,0,0,0,0,0,0,0,0,0,0,0,0,0,0,0,0,0
2016-10-24 06:02:20.775 UTC,250,5416554,1704,2270240,336,0,55,0,0.0,0,0,0,0,0,0,0,6,5,0,0,4,2,8,0,60,6,0,0,0,0,0,0,0,0,0,0,0,0,0,8594418648,296,5387,8594417304,6,13,3,18,0,0,31,NaN,0,0,0,0,0,0,0,0,0,0,0,0,0,0,0,0,0,0,0,0,0,0,0,0,0,0,0,0,1477288640145,3145728,0,0,0,6,12,7,12,0,12,0,0,3,12,0,0,0,6,2,6144,3,17436,2,0,6,1991535,9,1976160,11,1,0,0,0,0,0,6,12,28194144,3,0,0,0,0,0,0,85,0,0,0,0,0,0,0,0,0,0,0,0,0,0,0,0,0,6,0,0,0,0,0,0,0,0,0,0,0,0,0,0,0,0,0,0,0,0,0,0,0,0,0,0,0,0
2016-10-24 06:02:23.661 UTC,250,5431578,1704,2285600,0,0,9,0,0.0,0,0,0,0,0,0,0,6,5,0,0,4,2,8,0,10,1,0,0,0,0,0,0,0,0,0,0,0,0,0,8594435670,297,16831,8594434135,1,2,1,4,0,0,31,NaN,0,0,0,0,0,0,0,0,0,0,0,0,0,0,0,0,0,0,0,0,0,0,0,0,0,0,0,0,1477288640145,3145728,0,0,0,1,2,1,2,0,2,0,0,3,2,0,0,0,1,2,2048,1,15428,1,0,1,15383,1,1594,1,0,0,0,0,0,0,0,0,33802368,3,0,0,0,0,0,0,14,0,0,0,0,0,0,0,0,0,0,0,0,0,0,0,0,0,1,0,0,0,0,0,0,0,0,0,0,0,0,0,0,0,0,0,0,0,0,0,0,0,0,0,0,0,0
2016-10-24 06:06:15.785 UTC,250,3160818,904,14840,0,2,12,4,0.33333334,0,0,0,0,0,0,0,4,3,2,2,4,2,5,0,10,4,0,0,0,0,0,0,0,0,0,0,0,0,0,8594436447,298,0,8594435791,0,0,0,0,0,0,-1,NaN,0,0,0,0,0,0,0,0,0,0,0,0,0,0,0,0,0,0,0,0,0,0,0,0,0,0,0,0,1477289175111,3145728,0,0,0,15,0,0,0,2,0,0,0,3,0,0,0,0,15,0,10240,5,0,0,0,0,5844992,22,0,0,0,0,0,0,0,0,0,0,26683576,3,0,0,0,0,0,0,6,0,0,0,0,0,0,0,0,0,0,0,0,0,0,0,0,0,0,0,0,0,0,0,0,0,0,0,0,0,0,0,0,0,0,0,0,0,0,0,0,0,0,0,0,0,0
2016-10-24 06:07:15.796 UTC,250,5197722,1704,2051408,336,1,129,2,0.015503876,0,0,0,0,0,0,0,7,5,0,1,5,2,9,0,139,20,0,0,0,0,0,0,0,0,0,0,0,0,0,8596473004,311,36728,8596471913,13,26,9,42,0,0,26,NaN,0,0,0,0,0,0,0,0,0,0,0,0,0,0,0,0,0,0,0,0,0,0,0,0,0,0,0,0,1477289175111,3145728,0,0,0,25,26,20,26,4,26,0,0,3,26,0,0,0,25,2,40960,20,83633,12,0,10,2036641,19,1952923,15,1,0,0,0,0,0,6,82,55088288,3,0,0,0,0,0,0,197,0,0,0,0,0,0,0,0,0,0,0,0,0,0,0,0,0,13,0,0,0,0,1,0,0,0,0,0,0,0,0,0,0,0,0,0,0,0,0,0,0,0,0,0,0,0
2016-10-24 06:08:15.805 UTC,250,6361178,1704,3214864,336,0,110,0,0.0,0,0,0,0,0,0,0,7,5,0,0,5,2,9,0,120,12,0,0,0,0,0,0,0,0,0,0,0,0,0,8597656969,323,5847,8597655572,12,24,8,38,0,0,21,NaN,0,0,0,0,0,0,0,0,0,0,0,0,0,0,0,0,0,0,0,0,0,0,0,0,0,0,0,0,1477289175111,3145728,0,0,0,12,24,19,24,0,24,0,0,3,24,0,0,0,12,2,24576,12,1164240,12,0,8,1162077,8,19725,12,0,0,0,0,0,0,2,15,70870576,3,0,0,0,0,0,0,170,0,0,0,0,0,0,0,0,0,0,0,0,0,0,0,0,0,12,0,0,0,0,0,0,0,0,0,0,0,0,0,0,0,0,0,0,0,0,0,0,0,0,0,0,0,0
2016-10-24 06:09:15.813 UTC,250,6554194,1704,3407880,336,0,109,0,0.0,0,0,0,0,0,0,0,7,5,0,0,5,2,9,0,120,12,0,0,0,0,0,0,0,0,0,0,0,0,0,8597870104,335,31732,8597868704,12,23,8,38,0,0,21,NaN,0,0,0,0,0,0,0,0,0,0,0,0,0,0,0,0,0,0,0,0,0,0,0,0,0,0,0,0,1477289175111,3145728,0,0,0,12,24,22,24,0,24,0,0,3,24,0,0,0,12,2,24576,12,193865,12,0,11,192970,11,19270,12,0,0,0,0,0,0,1,5,39625960,3,0,0,0,0,0,0,169,0,0,0,0,0,0,0,0,0,0,0,0,0,0,0,0,0,12,0,0,0,0,0,0,0,0,0,0,0,0,0,0,0,0,0,0,0,0,0,0,0,0,0,0,0,0
2016-10-24 06:09:19.485 UTC,250,6570098,1704,3424120,0,0,9,0,0.0,0,0,0,0,0,0,0,7,5,0,0,5,2,9,0,10,1,0,0,0,0,0,0,0,0,0,0,0,0,0,8597887826,336,17768,8597886472,1,2,0,2,0,0,21,NaN,0,0,0,0,0,0,0,0,0,0,0,0,0,0,0,0,0,0,0,0,0,0,0,0,0,0,0,0,1477289175111,3145728,0,0,0,1,2,0,2,0,2,0,0,3,2,0,0,0,1,2,2048,1,16309,1,0,1,16264,1,1413,1,0,0,0,0,0,0,0,0,47476880,3,0,0,0,0,0,0,14,0,0,0,0,0,0,0,0,0,0,0,0,0,0,0,0,0,1,0,0,0,0,0,0,0,0,0,0,0,0,0,0,0,0,0,0,0,0,0,0,0,0,0,0,0,0
2016-10-24 06:11:03.457 UTC,250,3163218,904,17240,0,2,12,5,0.41666666,0,0,0,0,0,0,0,5,3,2,2,5,3,5,0,10,4,0,0,0,0,0,0,0,0,0,0,0,0,0,8597888766,337,0,8597887947,0,0,0,0,0,0,20,NaN,0,0,0,0,0,0,0,0,0,0,0,0,0,0,0,0,0,0,0,0,0,0,0,0,0,0,0,0,1477289462933,3145728,0,0,0,16,0,0,0,2,0,0,0,3,0,0,0,0,16,0,12288,6,0,0,0,0,9687040,24,0,0,0,0,0,0,0,0,0,0,27263320,3,0,0,0,0,0,0,6,0,0,0,0,0,0,0,0,0,0,0,0,0,0,0,0,0,0,0,0,0,0,0,0,0,0,0,0,0,0,0,0,0,0,0,0,0,0,0,0,0,0,0,0,0,0
2016-10-24 06:12:03.466 UTC,375,5215463,2016,2069024,336,1,127,2,0.015748031,0,0,0,0,0,0,0,7,5,0,1,5,3,8,0,139,20,0,0,0,0,0,0,0,0,0,0,0,0,0,12884908405,350,6403,12884906574,13,25,7,39,0,0,20,NaN,0,0,0,0,0,0,0,0,0,0,0,0,0,0,0,0,0,0,0,0,0,0,0,0,0,0,0,0,1477289462933,3145728,0,0,0,25,26,21,26,5,26,0,0,3,27,0,0,0,25,1,36864,18,2025598,13,0,10,2059579,21,26707,16,1,0,0,0,0,0,6,106,73179192,3,0,0,0,0,0,0,196,0,0,0,0,0,0,0,0,0,0,0,0,0,0,0,0,0,13,0,0,0,0,1,0,0,0,0,0,0,0,0,0,0,0,0,0,0,0,0,0,0,0,0,0,0,0
2016-10-24 06:13:03.475 UTC,375,5301335,2016,2154896,336,0,120,0,0.0,0,0,0,0,0,0,0,7,5,0,0,5,3,8,0,120,12,0,0,0,0,0,0,0,0,0,0,0,0,0,12885020913,362,34197,12885019470,12,33,9,39,0,0,20,NaN,0,0,0,0,0,0,0,0,0,0,0,0,0,0,0,0,0,0,0,0,0,0,0,0,0,0,0,0,1477289462933,3145728,0,0,0,12,24,11,24,0,24,0,0,3,24,0,0,0,12,1,24576,12,86673,12,0,8,83137,8,25835,12,0,0,0,0,0,0,2,86,45462768,3,0,0,0,0,0,0,180,0,0,0,0,0,0,0,0,0,0,0,0,0,0,0,0,0,12,0,0,0,0,0,0,0,0,0,0,0,0,0,0,0,0,0,0,0,0,0,0,0,0,0,0,0,0
2016-10-24 06:14:01.658 UTC,250,6567546,1704,3421568,0,0,152,0,0.0,0,0,0,0,0,0,0,6,5,0,0,4,1,9,0,382,133,0,0,0,0,0,0,0,0,0,0,0,0,0,12886329163,374,6095,12886327702,12,32,12,43,0,0,18,NaN,0,0,0,187,1,895,0,1,0,0,0,0,263,78,82,0,0,0,82,280,0,0,0,0,0,0,0,0,1477289462933,3145728,0,0,0,132,24,13,24,1,24,0,0,3,24,0,0,0,133,1,49152,21,1282911,13,0,12,11105879,130,25339,11,0,0,0,0,0,0,1,12,96768920,3,0,0,0,0,0,0,772,0,0,0,0,0,1,0,0,0,0,0,0,0,0,0,0,0,12,0,0,0,0,0,0,0,0,0,0,0,0,0,0,0,0,0,0,0,0,0,0,0,0,0,0,0,0
2016-10-24 06:16:59.486 UTC,250,3160162,904,14184,0,2,12,4,0.33333334,0,0,0,0,0,0,0,4,3,2,2,4,2,5,0,10,4,0,0,0,0,0,0,0,0,0,0,0,0,0,12886330103,375,0,12886329284,0,0,0,0,0,0,30,NaN,0,0,0,0,0,0,0,0,0,0,0,0,0,0,0,0,0,0,0,0,0,0,0,0,0,0,0,0,1477289818731,3145728,0,0,0,15,0,0,0,3,0,0,0,3,0,0,0,0,15,0,12288,6,0,0,0,0,1719296,32,0,0,0,0,0,0,0,0,0,0,24464888,4,0,0,0,0,0,0,6,0,0,0,0,0,0,0,0,0,0,0,0,0,0,0,0,0,0,0,0,0,0,0,0,0,0,0,0,0,0,0,0,0,0,0,0,0,0,0,0,0,0,0,0,0,0
2016-10-24 06:17:26.584 UTC,250,3161514,1240,15536,0,2,15,4,0.26666668,0,0,0,0,0,0,0,4,3,2,2,4,2,5,0,12,5,0,0,0,0,0,0,0,0,0,0,0,0,0,12886342449,379,0,12886340846,0,0,0,0,0,0,30,NaN,0,0,0,0,0,0,0,0,0,0,0,0,0,0,0,0,0,0,0,0,0,0,0,0,0,0,0,0,1477289846101,3145728,0,0,0,16,0,0,0,3,0,0,0,3,0,0,0,0,16,0,12288,6,0,0,0,0,1721344,33,0,0,0,0,0,0,0,0,0,0,25156264,4,0,0,0,0,0,0,8,0,0,0,0,0,0,0,0,0,0,0,0,0,0,0,0,0,0,0,0,0,0,0,0,0,0,0,0,0,0,0,0,0,0,0,0,0,0,0,0,0,0,0,0,0,0
2016-10-24 06:18:26.598 UTC,250,3247490,1704,101176,336,1,128,2,0.015625,0,0,0,0,0,0,0,6,5,0,1,4,2,8,0,139,19,0,0,0,0,0,0,0,0,0,0,0,0,0,12886429023,392,5938,12886427325,13,27,8,41,0,0,30,NaN,0,0,0,0,0,0,0,0,0,0,0,0,0,0,0,0,0,0,0,0,0,0,0,0,0,0,0,0,1477289846101,3145728,0,0,0,24,26,17,26,4,26,0,0,3,26,0,0,0,24,2,28672,14,43629,10,0,10,100465,24,42945,16,0,0,0,0,0,0,3,84,33143600,7,0,0,0,0,0,0,197,0,0,0,0,0,0,0,0,0,0,0,0,0,0,0,0,0,13,0,0,0,0,1,0,0,0,0,0,0,0,2,0,2,0,0,0,0,0,0,0,0,0,0,0,0,0
2016-10-24 06:19:26.607 UTC,250,5289074,1704,2142760,336,0,111,0,0.0,0,0,0,0,0,0,0,6,5,0,0,4,2,8,0,120,12,0,0,0,0,0,0,0,0,0,0,0,0,0,12888495988,404,5427,12888492775,12,24,9,39,0,0,30,NaN,0,0,0,0,0,0,0,0,0,0,0,0,0,0,0,0,0,0,0,0,0,0,0,0,0,0,0,0,1477289846101,3145728,0,0,0,12,24,19,24,0,24,0,0,3,24,0,0,0,12,2,22528,11,2037597,11,0,10,2041727,11,29368,14,1,0,0,0,0,0,4,31,78906856,5,0,0,0,0,0,0,171,0,0,0,0,0,0,0,0,0,0,0,0,0,0,0,0,0,12,0,0,0,0,0,0,0,0,0,0,0,0,0,0,0,0,0,0,0,0,0,0,0,0,0,0,0,0
2016-10-24 06:20:26.614 UTC,250,6565866,1704,3419552,336,0,113,0,0.0,0,0,0,0,0,0,0,7,5,0,0,5,2,9,0,120,12,0,0,0,0,0,0,0,0,0,0,0,0,0,12889792936,416,6126,12889791410,12,27,7,37,0,0,28,NaN,0,0,0,0,0,0,0,0,0,0,0,0,0,0,0,0,0,0,0,0,0,0,0,0,0,0,0,0,1477289846101,3145728,0,0,0,12,24,18,24,0,24,0,0,3,24,0,0,0,12,2,24576,12,1275246,12,0,9,1273578,9,21702,12,0,0,0,0,0,0,2,7,71703088,5,0,0,0,0,0,0,172,0,0,0,0,0,0,0,0,0,0,0,0,0,0,0,0,0,12,0,0,0,0,0,0,0,0,0,0,0,0,0,0,0,0,0,0,0,0,0,0,0,0,0,0,0,0
2016-10-24 06:20:29.842 UTC,250,6569970,1704,3423992,0,0,10,0,0.0,0,0,0,0,0,0,0,7,5,0,0,5,2,9,0,10,1,0,0,0,0,0,0,0,0,0,0,0,0,0,12889798638,417,6104,12889797514,1,2,0,2,0,0,28,NaN,0,0,0,0,0,0,0,0,0,0,0,0,0,0,0,0,0,0,0,0,0,0,0,0,0,0,0,0,1477289846101,3145728,0,0,0,1,2,0,2,0,2,0,0,3,2,0,0,0,1,2,2048,1,4518,1,0,1,4473,1,1184,1,0,0,0,0,0,0,0,0,78035736,5,0,0,0,0,0,0,15,0,0,0,0,0,0,0,0,0,0,0,0,0,0,0,0,0,1,0,0,0,0,0,0,0,0,0,0,0,0,0,0,0,0,0,0,0,0,0,0,0,0,0,0,0,0
2016-10-24 06:24:26.314 UTC,250,3162442,904,16464,0,1,12,5,0.41666666,0,0,0,0,0,0,0,5,3,2,1,5,3,5,0,10,4,0,0,0,0,0,0,0,0,0,0,0,0,0,12889800788,418,0,12889798760,0,0,0,0,0,0,23,NaN,0,0,0,0,0,0,0,0,0,0,0,0,0,0,0,0,0,0,0,0,0,0,0,0,0,0,0,0,1477290265687,3145728,0,0,0,15,0,0,0,3,0,0,0,3,0,0,0,0,15,0,12288,6,0,0,0,0,5428224,34,0,0,0,0,0,0,0,0,0,0,29495904,3,0,0,0,0,0,0,6,0,0,0,0,0,0,0,0,0,0,0,0,0,0,0,0,0,0,0,0,0,0,0,0,0,0,0,0,0,0,0,0,0,0,0,0,0,0,0,0,0,0,0,0,0,0
2016-10-24 06:25:26.319 UTC,250,5183162,1704,2036848,336,1,126,2,0.015873017,0,0,0,0,0,0,0,7,5,0,1,5,3,8,0,139,20,0,0,0,0,0,0,0,0,0,0,0,0,0,12891818980,431,10269,12891817561,13,25,7,39,0,0,23,NaN,0,0,0,0,0,0,0,0,0,0,0,0,0,0,0,0,0,0,0,0,0,0,0,0,0,0,0,0,1477290265687,3145728,0,0,0,25,26,20,26,4,26,0,0,3,26,0,0,0,25,2,40960,20,1998245,13,0,10,2022267,19,19946,14,1,0,0,0,0,0,6,44,56278304,3,0,0,0,0,0,0,195,0,0,0,0,0,0,0,0,0,0,0,0,0,0,0,0,0,13,0,0,0,0,1,0,0,0,0,0,0,0,0,0,0,0,0,0,0,0,0,0,0,0,0,0,0,0
2016-10-24 06:26:26.327 UTC,250,5812842,1704,2666528,336,0,108,0,0.0,0,0,0,0,0,0,0,7,5,0,0,5,3,8,0,120,12,0,0,0,0,0,0,0,0,0,0,0,0,0,12892469086,443,515797,12892467681,12,22,8,38,0,0,22,NaN,0,0,0,0,0,0,0,0,0,0,0,0,0,0,0,0,0,0,0,0,0,0,0,0,0,0,0,0,1477290265687,3145728,0,0,0,12,24,17,24,0,24,0,0,3,24,0,0,0,12,2,24576,12,630485,12,0,9,628712,9,19621,12,0,0,0,0,0,0,2,12,47291400,3,0,0,0,0,0,0,168,0,0,0,0,0,0,0,0,0,0,0,0,0,0,0,0,0,12,0,0,0,0,0,0,0,0,0,0,0,0,0,0,0,0,0,0,0,0,0,0,0,0,0,0,0,0
2016-10-24 06:27:26.334 UTC,250,6559842,1704,3413528,336,0,108,0,0.0,0,0,0,0,0,0,0,7,5,0,0,5,3,8,0,120,12,0,0,0,0,0,0,0,0,0,0,0,0,0,12893238487,455,6346,12893235162,12,22,8,38,0,0,22,NaN,0,0,0,0,0,0,0,0,0,0,0,0,0,0,0,0,0,0,0,0,0,0,0,0,0,0,0,0,1477290265687,3145728,0,0,0,12,24,15,24,0,24,0,0,3,24,0,0,0,12,2,24576,12,747823,12,0,10,746574,10,21578,12,0,0,0,0,0,0,0,0,174328064,5,0,0,0,0,0,0,168,0,0,0,0,0,0,0,0,0,0,0,0,0,0,0,0,0,12,0,0,0,0,0,0,0,0,0,0,0,0,0,0,0,0,0,0,0,0,0,0,0,0,0,0,0,0
2016-10-24 06:27:29.431 UTC,250,6569890,1704,3423912,0,0,9,0,0.0,0,0,0,0,0,0,0,7,5,0,0,5,3,8,0,10,1,0,0,0,0,0,0,0,0,0,0,0,0,0,12893250306,456,13832,12893248994,1,2,1,4,0,0,22,NaN,0,0,0,0,0,0,0,0,0,0,0,0,0,0,0,0,0,0,0,0,0,0,0,0,0,0,0,0,1477290265687,3145728,0,0,0,1,2,1,2,0,2,0,0,3,2,0,0,0,1,2,2048,1,10447,1,0,1,10402,1,1372,1,0,0,0,0,0,0,0,0,177318704,5,0,0,0,0,0,0,14,0,0,0,0,0,0,0,0,0,0,0,0,0,0,0,0,0,1,0,0,0,0,0,0,0,0,0,0,0,0,0,0,0,0,0,0,0,0,0,0,0,0,0,0,0,0
2016-10-24 06:28:32.003 UTC,250,3162442,904,16464,0,1,12,5,0.41666666,0,0,0,0,0,0,0,5,3,2,1,5,3,5,0,10,4,0,0,0,0,0,0,0,0,0,0,0,0,0,12893251283,457,0,12893250428,0,0,0,0,0,0,19,NaN,0,0,0,0,0,0,0,0,0,0,0,0,0,0,0,0,0,0,0,0,0,0,0,0,0,0,0,0,1477290511492,3145728,0,0,0,15,0,0,0,3,0,0,0,3,0,0,0,0,15,0,18432,9,0,0,0,0,9131008,33,0,0,0,0,0,0,0,0,0,0,29627104,3,0,0,0,0,0,0,6,0,0,0,0,0,0,0,0,0,0,0,0,0,0,0,0,0,0,0,0,0,0,0,0,0,0,0,0,0,0,0,0,0,0,0,0,0,0,0,0,0,0,0,0,0,0
2016-10-24 13:52:01.102 UTC,250,3163794,1240,17816,0,0,15,5,0.33333334,0,0,0,0,0,0,0,5,3,2,0,5,3,5,0,12,5,0,0,0,0,0,0,0,0,0,0,0,0,0,12893306837,464,0,12893303823,0,0,0,0,0,0,19,NaN,0,0,0,0,0,0,0,0,0,0,0,0,0,0,0,0,0,0,0,0,0,0,0,0,0,0,0,0,1477317120384,3145728,0,0,0,15,0,0,0,3,0,0,0,3,0,0,0,0,15,0,16384,8,0,0,0,0,9133056,34,0,0,0,0,0,0,0,0,0,0,29505896,3,0,0,0,0,0,0,8,0,0,0,0,0,0,0,0,0,0,0,0,0,0,0,0,0,0,0,0,0,0,0,0,0,0,0,0,0,0,0,0,0,0,0,0,0,0,0,0,0,0,0,0,0,0
2016-10-24 13:52:01.865 UTC,250,3177098,1472,31120,0,0,3,1,0.33333334,0,0,0,0,0,0,0,6,4,0,0,5,3,7,0,3,3,0,0,0,0,0,0,0,0,0,0,0,0,0,12893306837,464,0,12893303823,0,0,0,0,0,0,19,NaN,0,0,0,0,0,0,0,0,0,0,0,0,0,0,0,0,0,0,0,0,0,0,0,0,0,0,0,0,1477317120384,3145728,0,0,0,5,0,0,0,1,0,0,0,3,0,0,0,0,5,1,4096,2,0,0,0,1,16874,5,0,0,0,0,0,0,0,0,1,9,12231840,3,0,0,0,0,0,0,4,0,0,0,0,0,0,0,0,0,0,0,0,0,0,0,0,0,0,0,0,0,0,1,0,0,0,0,0,0,0,0,0,0,0,0,0,0,0,0,0,0,0,0,0,0,0
2016-10-24 13:53:54.954 UTC,250,3163794,1240,17816,0,0,15,5,0.33333334,0,0,0,0,0,0,0,5,3,2,0,5,3,5,0,12,5,0,0,0,0,0,0,0,0,0,0,0,0,0,12893306837,464,0,12893303823,0,0,0,0,0,0,19,NaN,0,0,0,0,0,0,0,0,0,0,0,0,0,0,0,0,0,0,0,0,0,0,0,0,0,0,0,0,1477317234264,3145728,0,0,0,15,0,0,0,3,0,0,0,3,0,0,0,0,15,0,16384,8,0,0,0,0,9133056,34,0,0,0,0,0,0,0,0,0,0,28939208,3,0,0,0,0,0,0,8,0,0,0,0,0,0,0,0,0,0,0,0,0,0,0,0,0,0,0,0,0,0,0,0,0,0,0,0,0,0,0,0,0,0,0,0,0,0,0,0,0,0,0,0,0,0
2016-10-24 13:53:55.356 UTC,250,3177098,1472,31120,0,0,3,1,0.33333334,0,0,0,0,0,0,0,6,4,0,0,5,3,7,0,3,3,0,0,0,0,0,0,0,0,0,0,0,0,0,12893306837,464,0,12893303823,0,0,0,0,0,0,19,NaN,0,0,0,0,0,0,0,0,0,0,0,0,0,0,0,0,0,0,0,0,0,0,0,0,0,0,0,0,1477317234264,3145728,0,0,0,5,0,0,0,1,0,0,0,3,0,0,0,0,5,1,4096,2,0,0,0,1,16874,5,0,0,0,0,0,0,0,0,1,22,12304168,3,0,0,0,0,0,0,4,0,0,0,0,0,0,0,0,0,0,0,0,0,0,0,0,0,0,0,0,0,0,1,0,0,0,0,0,0,0,0,0,0,0,0,0,0,0,0,0,0,0,0,0,0,0
2016-10-24 13:55:14.597 UTC,250,3163794,1240,17816,0,0,15,5,0.33333334,0,0,0,0,0,0,0,5,3,2,0,5,3,5,0,12,5,0,0,0,0,0,0,0,0,0,0,0,0,0,12893306837,464,0,12893303823,0,0,0,0,0,0,19,NaN,0,0,0,0,0,0,0,0,0,0,0,0,0,0,0,0,0,0,0,0,0,0,0,0,0,0,0,0,1477317313911,3145728,0,0,0,15,0,0,0,3,0,0,0,3,0,0,0,0,15,0,16384,8,0,0,0,0,9133056,34,0,0,0,0,0,0,0,0,0,0,29666712,2,0,0,0,0,0,0,8,0,0,0,0,0,0,0,0,0,0,0,0,0,0,0,0,0,0,0,0,0,0,0,0,0,0,0,0,0,0,0,0,0,0,0,0,0,0,0,0,0,0,0,0,0,0
2016-10-24 13:55:15.101 UTC,714,3182890,1704,36448,0,1,11,2,0.18181819,0,0,0,0,0,0,1,7,5,0,0,5,3,9,0,11,7,0,0,0,0,0,0,0,0,0,0,0,0,0,12893306837,464,0,12893303823,0,0,0,0,0,0,19,NaN,0,0,0,0,0,0,0,0,0,0,0,0,0,0,0,0,0,0,0,0,0,0,0,0,0,0,0,0,1477317313911,3145728,0,0,0,11,1,1,1,4,1,0,0,3,1,0,0,0,11,2,10240,5,1596,1,0,1,29162,11,0,0,0,0,0,0,0,0,1,13,12872864,2,0,0,0,0,0,0,16,0,0,0,0,0,0,0,0,0,0,0,0,0,0,0,0,0,1,0,0,0,0,1,0,0,0,0,0,0,0,1,0,1,0,0,0,0,0,0,0,0,0,0,0,0,0
2016-10-24 13:59:20.179 UTC,250,3163794,1240,17816,0,1,15,5,0.33333334,0,0,0,0,0,0,0,5,3,2,1,5,3,5,0,12,5,0,0,0,0,0,0,0,0,0,0,0,0,0,12893309846,465,0,12893308555,0,0,0,0,0,0,19,NaN,0,0,0,0,0,0,0,0,0,0,0,0,0,0,0,0,0,0,0,0,0,0,0,0,0,0,0,0,1477317559495,3145728,0,0,0,16,0,0,0,3,0,0,0,3,0,0,0,0,16,0,16384,8,0,0,0,0,9135104,35,0,0,0,0,0,0,0,0,0,0,29504824,4,0,0,0,0,0,0,8,0,0,0,0,0,0,0,0,0,0,0,0,0,0,0,0,0,0,0,0,0,0,0,0,0,0,0,0,0,0,0,0,0,0,0,0,0,0,0,0,0,0,0,0,0,0
2016-10-24 13:59:37.943 UTC,250,3163794,1240,17816,0,1,15,5,0.33333334,0,0,0,0,0,0,0,5,3,2,1,5,3,5,0,12,5,0,0,0,0,0,0,0,0,0,0,0,0,0,12893314771,467,0,12893313391,0,0,0,0,0,0,19,NaN,0,0,0,0,0,0,0,0,0,0,0,0,0,0,0,0,0,0,0,0,0,0,0,0,0,0,0,0,1477317577356,3145728,0,0,0,16,0,0,0,3,0,0,0,3,0,0,0,0,16,0,16384,8,0,0,0,0,9135104,35,0,0,0,0,0,0,0,0,0,0,29679008,4,0,0,0,0,0,0,8,0,0,0,0,0,0,0,0,0,0,0,0,0,0,0,0,0,0,0,0,0,0,0,0,0,0,0,0,0,0,0,0,0,0,0,0,0,0,0,0,0,0,0,0,0,0
2016-10-24 14:00:37.950 UTC,250,3260594,1704,114280,336,1,118,2,0.016949153,0,0,0,0,0,0,0,8,5,0,1,6,3,9,0,129,17,0,0,0,0,0,0,0,0,0,0,0,0,0,12893442178,479,4531,12893440884,12,23,7,37,0,0,19,NaN,0,0,0,0,0,0,0,0,0,0,0,0,0,0,0,0,0,0,0,0,0,0,0,0,0,0,0,0,1477317577356,3145728,0,0,0,22,24,13,24,4,24,0,0,3,24,0,0,0,22,2,14336,7,5233,3,0,7,117643,26,122174,21,0,0,0,0,0,0,3,24,45232656,3,0,0,0,0,0,0,181,0,0,0,0,0,0,0,0,0,0,0,0,0,0,0,0,0,12,0,0,0,0,1,0,0,0,0,0,0,0,3,0,3,0,0,0,0,0,0,0,0,0,0,0,0,0
2016-10-24 14:01:37.959 UTC,1618,5786802,1704,2639216,240,0,168,0,0.0,0,0,0,0,0,0,0,9,6,0,0,6,3,11,0,463,160,0,0,0,0,0,0,0,0,0,0,0,0,0,17182356226,490,21877,17182348485,11,25,12,43,0,0,16,NaN,0,0,0,239,1,1554,0,1,0,6,0,6,356,108,117,0,0,0,115,723,0,0,0,0,0,0,0,0,1477317577356,3145728,0,0,0,160,22,16,22,2,22,0,0,3,23,0,0,0,161,1,1957888,16,574259,7,0,8,12424432,160,1992265,17,1,0,0,0,0,0,6,33,40410232,3,0,0,0,0,0,0,791,0,0,0,2,0,0,0,0,0,0,0,0,0,0,0,0,0,11,0,0,0,0,0,0,0,0,0,0,0,0,0,0,0,0,0,0,0,0,0,0,0,0,0,0,0,0
2016-10-24 14:08:30.177 UTC,250,3161498,1240,15520,0,2,17,4,0.23529412,0,0,0,0,0,0,0,4,3,3,2,3,2,5,0,13,5,0,0,0,0,0,0,0,0,0,0,0,0,0,17183063043,501,0,17183059602,0,0,0,0,0,0,29,NaN,0,0,0,0,0,0,0,0,0,0,0,0,0,0,0,0,0,0,0,0,0,0,0,0,0,0,0,0,1477318109562,3145728,0,0,0,16,0,0,0,3,0,0,0,3,0,0,0,0,16,0,12288,6,0,0,0,0,3926016,22,0,0,0,0,0,0,0,0,0,0,26626272,3,0,0,0,0,0,0,9,0,0,0,0,0,0,0,0,0,0,0,0,0,0,0,0,0,0,0,0,0,0,0,0,0,0,0,0,0,0,0,0,0,0,0,0,0,0,0,0,0,0,0,0,0,0
2016-10-24 14:09:30.186 UTC,250,5182498,1704,2036184,336,0,125,2,0.016,0,0,0,0,0,0,0,6,5,0,0,4,2,8,0,129,18,0,0,0,0,0,0,0,0,0,0,0,0,0,17185083519,513,3010,17185082139,12,29,9,39,0,0,29,NaN,0,0,0,0,0,0,0,0,0,0,0,0,0,0,0,0,0,0,0,0,0,0,0,0,0,0,0,0,1477318109562,3145728,0,0,0,22,24,13,24,4,24,0,0,3,24,0,0,0,22,2,30720,15,1999002,11,0,8,2027589,19,21474,14,1,0,0,0,0,0,6,42,37909352,3,0,0,0,0,0,0,189,0,0,0,0,0,0,0,0,0,0,0,0,0,0,0,0,0,12,0,0,0,0,1,0,0,0,0,0,0,0,0,0,0,0,0,0,0,0,0,0,0,0,0,0,0,0
2016-10-24 14:10:30.196 UTC,250,5328250,1704,2181936,336,0,106,0,0.0,0,0,0,0,0,0,0,6,5,0,0,4,2,8,0,110,11,0,0,0,0,0,0,0,0,0,0,0,0,0,17185249517,524,31901,17185248068,11,27,7,34,0,0,29,NaN,0,0,0,0,0,0,0,0,0,0,0,0,0,0,0,0,0,0,0,0,0,0,0,0,0,0,0,0,1477318109562,3145728,0,0,0,11,22,7,22,0,22,0,0,3,22,0,0,0,11,2,22528,11,146482,11,0,7,144374,7,19516,11,0,0,0,0,0,0,3,13,37301632,2,0,0,0,0,0,0,161,0,0,0,0,0,0,0,0,0,0,0,0,0,0,0,0,0,11,0,0,0,0,0,0,0,0,0,0,0,0,0,0,0,0,0,0,0,0,0,0,0,0,0,0,0,0
2016-10-24 14:11:30.204 UTC,250,6537634,1704,3391320,336,0,114,0,0.0,0,0,0,0,0,0,0,6,5,0,0,4,2,8,0,120,12,0,0,0,0,0,0,0,0,0,0,0,0,0,17186483113,536,16457,17186481670,12,28,8,38,0,0,27,NaN,0,0,0,0,0,0,0,0,0,0,0,0,0,0,0,0,0,0,0,0,0,0,0,0,0,0,0,0,1477318109562,3145728,0,0,0,12,24,12,24,0,24,0,0,3,24,0,0,0,12,2,24576,12,1210224,12,0,12,1209684,12,23372,12,0,0,0,0,0,0,5,6,36154640,3,0,0,0,0,0,0,174,0,0,0,0,0,0,0,0,0,0,0,0,0,0,0,0,0,12,0,0,0,0,0,0,0,0,0,0,0,0,0,0,0,0,0,0,0,0,0,0,0,0,0,0,0,0
2016-10-24 14:11:44.978 UTC,250,6567634,1704,3421656,0,0,29,0,0.0,0,0,0,0,0,0,0,6,5,0,0,4,2,8,0,30,3,0,0,0,0,0,0,0,0,0,0,0,0,0,17186518631,539,11897,17186516813,3,8,2,10,0,0,27,NaN,0,0,0,0,0,0,0,0,0,0,0,0,0,0,0,0,0,0,0,0,0,0,0,0,0,0,0,0,1477318109562,3145728,0,0,0,3,6,3,6,0,6,0,0,3,6,0,0,0,3,2,6144,3,30539,3,0,3,30404,3,4979,3,0,0,0,0,0,0,1,2,31822344,3,0,0,0,0,0,0,44,0,0,0,0,0,0,0,0,0,0,0,0,0,0,0,0,0,3,0,0,0,0,0,0,0,0,0,0,0,0,0,0,0,0,0,0,0,0,0,0,0,0,0,0,0,0
2016-10-24 14:12:32.162 UTC,250,3160722,904,14744,0,2,12,4,0.33333334,0,0,0,0,0,0,0,4,3,2,2,4,2,5,0,10,4,0,0,0,0,0,0,0,0,0,0,0,0,0,17186519635,540,0,17186518753,0,0,0,0,0,0,22,NaN,0,0,0,0,0,0,0,0,0,0,0,0,0,0,0,0,0,0,0,0,0,0,0,0,0,0,0,0,1477318351637,3145728,0,0,0,15,0,0,0,2,0,0,0,3,0,0,0,0,15,0,14336,7,0,0,0,0,7761920,21,0,0,0,0,0,0,0,0,0,0,27344192,3,0,0,0,0,0,0,6,0,0,0,0,0,0,0,0,0,0,0,0,0,0,0,0,0,0,0,0,0,0,0,0,0,0,0,0,0,0,0,0,0,0,0,0,0,0,0,0,0,0,0,0,0,0
2016-10-24 14:13:32.170 UTC,250,3267370,1704,121056,336,1,118,2,0.016949153,0,0,0,0,0,0,0,7,5,0,1,5,2,9,0,129,19,0,0,0,0,0,0,0,0,0,0,0,0,0,17186624207,552,5902,17186621127,12,22,8,38,0,0,22,NaN,0,0,0,0,0,0,0,0,0,0,0,0,0,0,0,0,0,0,0,0,0,0,0,0,0,0,0,0,1477318351637,3145728,0,0,0,24,24,13,24,3,24,0,0,3,24,0,0,0,24,1,32768,16,68918,10,0,9,111836,20,35653,14,0,0,0,0,0,0,3,51,46918848,2,0,0,0,0,0,0,181,0,0,0,0,0,0,0,0,0,0,0,0,0,0,0,0,0,12,0,0,0,0,1,0,0,0,0,0,0,0,0,0,0,0,0,0,0,0,0,0,0,0,0,0,0,0
2016-10-24 14:14:32.179 UTC,250,5242266,1704,2095952,336,0,99,0,0.0,0,0,0,0,0,0,0,7,5,0,0,5,2,9,0,110,11,0,0,0,0,0,0,0,0,0,0,0,0,0,17188616605,563,16785,17188615387,11,21,7,35,0,0,22,NaN,0,0,0,0,0,0,0,0,0,0,0,0,0,0,0,0,0,0,0,0,0,0,0,0,0,0,0,0,1477318351637,3145728,0,0,0,11,22,13,22,0,22,0,0,3,22,0,0,0,11,1,22528,11,1975582,11,0,8,1973826,8,16816,12,1,0,0,0,0,0,5,58,39101880,3,0,0,0,0,0,0,154,0,0,0,0,0,0,0,0,0,0,0,0,0,0,0,0,0,11,0,0,0,0,0,0,0,0,0,0,0,0,0,0,0,0,0,0,0,0,0,0,0,0,0,0,0,0
2016-10-24 14:15:32.187 UTC,250,5435386,1704,2289072,336,0,108,0,0.0,0,0,0,0,0,0,0,7,5,0,0,5,2,9,0,120,12,0,0,0,0,0,0,0,0,0,0,0,0,0,17188830415,575,1452,17188829205,12,22,8,38,0,0,22,NaN,0,0,0,0,0,0,0,0,0,0,0,0,0,0,0,0,0,0,0,0,0,0,0,0,0,0,0,0,1477318351637,3145728,0,0,0,12,24,13,24,0,24,0,0,3,24,0,0,0,12,1,24576,12,193970,12,0,10,191239,10,19840,12,0,0,0,0,0,0,1,4,35792960,3,0,0,0,0,0,0,168,0,0,0,0,0,0,0,0,0,0,0,0,0,0,0,0,0,12,0,0,0,0,0,0,0,0,0,0,0,0,0,0,0,0,0,0,0,0,0,0,0,0,0,0,0,0
2016-10-24 14:15:47.136 UTC,375,6570479,2016,3424376,0,0,29,0,0.0,0,0,0,0,0,0,0,7,5,0,0,5,3,8,0,30,3,0,0,0,0,0,0,0,0,0,0,0,0,0,21475460587,578,6212,21475459038,3,7,1,8,0,0,22,NaN,0,0,0,0,0,0,0,0,0,0,0,0,0,0,0,0,0,0,0,0,0,0,0,0,0,0,0,0,1477318351637,3145728,0,0,0,3,6,2,6,2,6,0,0,3,7,0,0,0,3,1,6144,3,519015,3,0,3,1137198,4,620670,4,0,0,0,0,0,0,0,0,116502808,3,0,0,0,0,0,0,44,0,0,0,0,0,0,0,0,0,0,0,0,0,0,0,0,0,3,0,0,0,0,0,0,0,0,0,0,0,0,0,0,0,0,0,0,0,0,0,0,0,0,0,0,0,0
2016-10-24 16:31:29.814 UTC,375,3163335,1112,17232,0,3,13,5,0.3846154,0,0,0,0,0,0,0,5,3,2,3,5,3,5,0,12,5,0,0,0,0,0,0,0,0,0,0,0,0,0,21475461677,579,0,21475460709,0,0,0,0,0,0,18,NaN,0,0,0,0,0,0,0,0,0,0,0,0,0,0,0,0,0,0,0,0,0,0,0,0,0,0,0,0,1477326688980,3145728,0,0,0,18,0,0,0,3,0,0,0,3,0,0,0,0,18,0,20480,10,0,0,0,0,1296384,20,0,0,0,0,0,0,0,0,0,0,24031192,2,0,0,0,0,0,0,6,0,0,0,0,0,0,0,0,0,0,0,0,0,0,0,0,0,0,0,0,0,0,0,0,0,0,0,0,0,0,0,0,0,0,0,0,0,0,0,0,0,0,0,0,0,0
2016-10-24 16:32:12.364 UTC,250,3163090,1576,17112,0,2,18,4,0.22222222,0,0,0,0,0,0,0,4,3,2,2,4,2,5,0,14,6,0,0,0,0,0,0,0,0,0,0,0,0,0,21475809678,583,0,21475807655,0,0,0,0,0,0,36,NaN,0,0,0,0,0,0,0,0,0,0,0,0,0,0,0,0,0,0,0,0,0,0,0,0,0,0,0,0,1477326731787,3145728,0,0,0,17,0,0,0,3,0,0,0,3,0,0,0,0,17,0,10240,5,0,0,0,0,1304576,24,0,0,0,0,0,0,0,0,0,0,24734200,5,0,0,0,0,0,0,10,0,0,0,0,0,0,0,0,0,0,0,0,0,0,0,0,0,0,0,0,0,0,0,0,0,0,0,0,0,0,0,0,0,0,0,0,0,0,0,0,0,0,0,0,0,0
2016-10-24 16:33:28.973 UTC,250,3161738,1240,15760,0,2,15,4,0.26666668,0,0,0,0,0,0,0,4,3,2,2,4,2,5,0,12,5,0,0,0,0,0,0,0,0,0,0,0,0,0,21476133886,587,0,21476132291,0,0,0,0,0,0,35,NaN,0,0,0,0,0,0,0,0,0,0,0,0,0,0,0,0,0,0,0,0,0,0,0,0,0,0,0,0,1477326808392,3145728,0,0,0,16,0,0,0,3,0,0,0,3,0,0,0,0,16,0,14336,7,0,0,0,0,1906688,22,0,0,0,0,0,0,0,0,0,0,24021024,4,0,0,0,0,0,0,8,0,0,0,0,0,0,0,0,0,0,0,0,0,0,0,0,0,0,0,0,0,0,0,0,0,0,0,0,0,0,0,0,0,0,0,0,0,0,0,0,0,0,0,0,0,0
2016-10-24 16:34:28.982 UTC,250,5196226,1808,2049912,336,1,129,2,0.015503876,0,0,0,0,0,0,0,6,5,0,1,4,2,8,0,129,18,0,0,0,0,0,0,0,0,0,0,0,0,0,21478172791,599,7922,21478169310,12,31,10,40,0,0,35,NaN,0,0,0,0,0,0,0,0,0,0,0,0,0,0,0,0,0,0,0,0,0,0,0,0,0,0,0,0,1477326808392,3145728,0,0,0,23,24,20,24,4,24,0,0,3,24,0,0,0,23,2,34816,17,2013179,12,0,8,2039081,18,25726,13,1,0,0,0,0,0,9,90,114591104,3,0,0,0,0,0,0,193,0,0,0,0,0,0,0,0,0,0,0,0,0,0,0,0,0,12,0,0,0,0,1,0,0,0,0,0,0,0,0,0,0,0,0,0,0,0,0,0,0,0,0,0,0,0
2016-10-24 16:35:28.990 UTC,250,5272370,1808,2126056,336,0,120,0,0.0,0,0,0,0,0,0,0,6,5,0,0,4,2,8,0,120,12,0,0,0,0,0,0,0,0,0,0,0,0,0,21478271116,611,7947,21478269578,12,35,7,37,0,0,35,NaN,0,0,0,0,0,0,0,0,0,0,0,0,0,0,0,0,0,0,0,0,0,0,0,0,0,0,0,0,1477326808392,3145728,0,0,0,12,24,6,24,0,24,0,0,3,24,0,0,0,12,2,24576,12,76937,12,0,9,74989,9,21388,12,0,0,0,0,0,0,10,28,27960064,2,0,0,0,0,0,0,180,0,0,0,0,0,0,0,0,0,0,0,0,0,0,0,0,0,12,0,0,0,0,0,0,0,0,0,0,0,0,0,0,0,0,0,0,0,0,0,0,0,0,0,0,0,0
2016-10-24 16:35:51.029 UTC,250,3162362,1240,16384,0,2,17,4,0.23529412,0,0,0,0,0,0,0,4,3,3,2,4,2,5,0,13,5,0,0,0,0,0,0,0,0,0,0,0,0,0,21478302089,614,0,21478300605,0,0,0,0,0,0,29,NaN,0,0,0,0,0,0,0,0,0,0,0,0,0,0,0,0,0,0,0,0,0,0,0,0,0,0,0,0,1477326950438,3145728,0,0,0,16,0,0,0,3,0,0,0,3,0,0,0,0,16,0,12288,6,0,0,0,0,4706304,25,0,0,0,0,0,0,0,0,0,0,28161224,2,0,0,0,0,0,0,9,0,0,0,0,0,0,0,0,0,0,0,0,0,0,0,0,0,0,0,0,0,0,0,0,0,0,0,0,0,0,0,0,0,0,0,0,0,0,0,0,0,0,0,0,0,0
2016-10-24 16:36:07.450 UTC,250,3162386,1240,16408,0,2,15,4,0.26666668,0,0,0,0,0,0,0,4,3,2,2,4,2,5,0,12,5,0,0,0,0,0,0,0,0,0,0,0,0,0,21478305355,615,0,21478303745,0,0,0,0,0,0,29,NaN,0,0,0,0,0,0,0,0,0,0,0,0,0,0,0,0,0,0,0,0,0,0,0,0,0,0,0,0,1477326966816,3145728,0,0,0,16,0,0,0,3,0,0,0,3,0,0,0,0,16,0,12288,6,0,0,0,0,4706304,25,0,0,0,0,0,0,0,0,0,0,27386488,2,0,0,0,0,0,0,8,0,0,0,0,0,0,0,0,0,0,0,0,0,0,0,0,0,0,0,0,0,0,0,0,0,0,0,0,0,0,0,0,0,0,0,0,0,0,0,0,0,0,0,0,0,0
2016-10-24 16:37:31.677 UTC,250,3163738,1576,17760,0,2,18,4,0.22222222,0,0,0,0,0,0,0,4,3,2,2,4,2,5,0,14,6,0,0,0,0,0,0,0,0,0,0,0,0,0,21478403275,617,0,21478401141,0,0,0,0,0,0,29,NaN,0,0,0,0,0,0,0,0,0,0,0,0,0,0,0,0,0,0,0,0,0,0,0,0,0,0,0,0,1477327051002,3145728,0,0,0,17,0,0,0,3,0,0,0,3,0,0,0,0,17,0,12288,6,0,0,0,0,4708352,26,0,0,0,0,0,0,0,0,0,0,27429064,3,0,0,0,0,0,0,10,0,0,0,0,0,0,0,0,0,0,0,0,0,0,0,0,0,0,0,0,0,0,0,0,0,0,0,0,0,0,0,0,0,0,0,0,0,0,0,0,0,0,0,0,0,0
2016-10-24 16:37:42.951 UTC,250,3162386,1240,16408,0,2,15,4,0.26666668,0,0,0,0,0,0,0,4,3,2,2,4,2,5,0,12,5,0,0,0,0,0,0,0,0,0,0,0,0,0,21478404954,618,0,21478403491,0,0,0,0,0,0,29,NaN,0,0,0,0,0,0,0,0,0,0,0,0,0,0,0,0,0,0,0,0,0,0,0,0,0,0,0,0,1477327062449,3145728,0,0,0,16,0,0,0,3,0,0,0,3,0,0,0,0,16,0,12288,6,0,0,0,0,4706304,25,0,0,0,0,0,0,0,0,0,0,28153504,3,0,0,0,0,0,0,8,0,0,0,0,0,0,0,0,0,0,0,0,0,0,0,0,0,0,0,0,0,0,0,0,0,0,0,0,0,0,0,0,0,0,0,0,0,0,0,0,0,0,0,0,0,0
2016-10-24 17:11:15.996 UTC,250,3163738,1576,17760,0,2,18,4,0.22222222,0,0,0,0,0,0,0,4,3,2,2,4,2,5,0,14,6,0,0,0,0,0,0,0,0,0,0,0,0,0,21478828844,625,0,21478823587,0,0,0,0,0,0,31,NaN,0,0,0,0,0,0,0,0,0,0,0,0,0,0,0,0,0,0,0,0,0,0,0,0,0,0,0,0,1477329075333,3145728,0,0,0,17,0,0,0,3,0,0,0,3,0,0,0,0,17,0,12288,6,0,0,0,0,4708352,26,0,0,0,0,0,0,0,0,0,0,27540152,3,0,0,0,0,0,0,10,0,0,0,0,0,0,0,0,0,0,0,0,0,0,0,0,0,0,0,0,0,0,0,0,0,0,0,0,0,0,0,0,0,0,0,0,0,0,0,0,0,0,0,0,0,0
